--
-- PostgreSQL database dump
--

\restrict lNa9CrVFzu7heNpyLlFe0YuxmRS1nPqFvUND2ube1sWXrzI2sMwzMigksfRYmOz

-- Dumped from database version 18.3
-- Dumped by pg_dump version 18.3

SET statement_timeout = 0;
SET lock_timeout = 0;
SET idle_in_transaction_session_timeout = 0;
SET transaction_timeout = 0;
SET client_encoding = 'UTF8';
SET standard_conforming_strings = on;
SELECT pg_catalog.set_config('search_path', '', false);
SET check_function_bodies = false;
SET xmloption = content;
SET client_min_messages = warning;
SET row_security = off;

--
-- Data for Name: routing_destinations; Type: TABLE DATA; Schema: public; Owner: -
--

INSERT INTO public.routing_destinations (destination_code, display_name, email_address, active, created_at, updated_at, parent_folder, label, send_teams_message, send_email) VALUES ('MEDIUS_PROPERTIES', 'Medius Properties', 'medius.prop@hillwood.com', true, '2026-05-12 10:02:33.004582-05', '2026-05-26 08:24:50.138155-05', 'MEDIUS_PROPERTIES', NULL, false, true) ON CONFLICT (destination_code) DO UPDATE SET display_name = EXCLUDED.display_name, email_address = EXCLUDED.email_address, active = EXCLUDED.active, created_at = EXCLUDED.created_at, updated_at = EXCLUDED.updated_at, parent_folder = EXCLUDED.parent_folder, label = EXCLUDED.label, send_teams_message = EXCLUDED.send_teams_message, send_email = EXCLUDED.send_email;
INSERT INTO public.routing_destinations (destination_code, display_name, email_address, active, created_at, updated_at, parent_folder, label, send_teams_message, send_email) VALUES ('TIFFANY_BECK', 'Tiffany Beck', 'Tiffany.Beck@hillwood.com', true, '2026-05-12 10:02:33.004582-05', '2026-05-26 08:24:50.138155-05', 'TIFFANY_BECK', NULL, false, true) ON CONFLICT (destination_code) DO UPDATE SET display_name = EXCLUDED.display_name, email_address = EXCLUDED.email_address, active = EXCLUDED.active, created_at = EXCLUDED.created_at, updated_at = EXCLUDED.updated_at, parent_folder = EXCLUDED.parent_folder, label = EXCLUDED.label, send_teams_message = EXCLUDED.send_teams_message, send_email = EXCLUDED.send_email;
INSERT INTO public.routing_destinations (destination_code, display_name, email_address, active, created_at, updated_at, parent_folder, label, send_teams_message, send_email) VALUES ('MICHELE_FELLERS', 'Michele Fellers', 'Michelle.Fellers@hillwood.com;Aliyah.Reyes@hillwood.com', true, '2026-05-12 10:02:33.004582-05', '2026-05-26 08:24:50.138155-05', 'MICHELE_FELLERS', NULL, false, true) ON CONFLICT (destination_code) DO UPDATE SET display_name = EXCLUDED.display_name, email_address = EXCLUDED.email_address, active = EXCLUDED.active, created_at = EXCLUDED.created_at, updated_at = EXCLUDED.updated_at, parent_folder = EXCLUDED.parent_folder, label = EXCLUDED.label, send_teams_message = EXCLUDED.send_teams_message, send_email = EXCLUDED.send_email;
INSERT INTO public.routing_destinations (destination_code, display_name, email_address, active, created_at, updated_at, parent_folder, label, send_teams_message, send_email) VALUES ('PATTIE_MCCLEAN', 'Pattie McClean', 'Pattie.McClean@hillwood.com', true, '2026-05-12 10:02:33.004582-05', '2026-05-26 08:24:50.138155-05', 'PATTIE_MCCLEAN', NULL, false, true) ON CONFLICT (destination_code) DO UPDATE SET display_name = EXCLUDED.display_name, email_address = EXCLUDED.email_address, active = EXCLUDED.active, created_at = EXCLUDED.created_at, updated_at = EXCLUDED.updated_at, parent_folder = EXCLUDED.parent_folder, label = EXCLUDED.label, send_teams_message = EXCLUDED.send_teams_message, send_email = EXCLUDED.send_email;
INSERT INTO public.routing_destinations (destination_code, display_name, email_address, active, created_at, updated_at, parent_folder, label, send_teams_message, send_email) VALUES ('MEDIUS_MF', 'Medius Multifamily Queue', 'Medius.MF@hillwood.com', true, '2026-05-07 12:51:31.023095-05', '2026-05-26 08:24:50.138155-05', 'MEDIUS_MF', NULL, false, true) ON CONFLICT (destination_code) DO UPDATE SET display_name = EXCLUDED.display_name, email_address = EXCLUDED.email_address, active = EXCLUDED.active, created_at = EXCLUDED.created_at, updated_at = EXCLUDED.updated_at, parent_folder = EXCLUDED.parent_folder, label = EXCLUDED.label, send_teams_message = EXCLUDED.send_teams_message, send_email = EXCLUDED.send_email;
INSERT INTO public.routing_destinations (destination_code, display_name, email_address, active, created_at, updated_at, parent_folder, label, send_teams_message, send_email) VALUES ('FOLDER_STATEMENTS', 'Escalate Statement', NULL, true, '2026-05-07 12:51:31.023095-05', '2026-05-26 08:24:50.138155-05', 'FOLDER_STATEMENTS', NULL, false, false) ON CONFLICT (destination_code) DO UPDATE SET display_name = EXCLUDED.display_name, email_address = EXCLUDED.email_address, active = EXCLUDED.active, created_at = EXCLUDED.created_at, updated_at = EXCLUDED.updated_at, parent_folder = EXCLUDED.parent_folder, label = EXCLUDED.label, send_teams_message = EXCLUDED.send_teams_message, send_email = EXCLUDED.send_email;
INSERT INTO public.routing_destinations (destination_code, display_name, email_address, active, created_at, updated_at, parent_folder, label, send_teams_message, send_email) VALUES ('FOLDER_ACH', 'ACH', NULL, true, '2026-05-07 12:51:31.023095-05', '2026-05-26 08:24:50.138155-05', 'FOLDER_ACH', NULL, false, false) ON CONFLICT (destination_code) DO UPDATE SET display_name = EXCLUDED.display_name, email_address = EXCLUDED.email_address, active = EXCLUDED.active, created_at = EXCLUDED.created_at, updated_at = EXCLUDED.updated_at, parent_folder = EXCLUDED.parent_folder, label = EXCLUDED.label, send_teams_message = EXCLUDED.send_teams_message, send_email = EXCLUDED.send_email;
INSERT INTO public.routing_destinations (destination_code, display_name, email_address, active, created_at, updated_at, parent_folder, label, send_teams_message, send_email) VALUES ('FOLDER_BEN_E_KEITH', 'Ben E Keith', NULL, true, '2026-05-07 12:51:31.023095-05', '2026-05-26 08:24:50.138155-05', 'FOLDER_BEN_E_KEITH', NULL, false, false) ON CONFLICT (destination_code) DO UPDATE SET display_name = EXCLUDED.display_name, email_address = EXCLUDED.email_address, active = EXCLUDED.active, created_at = EXCLUDED.created_at, updated_at = EXCLUDED.updated_at, parent_folder = EXCLUDED.parent_folder, label = EXCLUDED.label, send_teams_message = EXCLUDED.send_teams_message, send_email = EXCLUDED.send_email;
INSERT INTO public.routing_destinations (destination_code, display_name, email_address, active, created_at, updated_at, parent_folder, label, send_teams_message, send_email) VALUES ('FOLDER_LIEN_RELEASE', 'Lien Release', NULL, true, '2026-05-07 12:51:31.023095-05', '2026-05-26 08:24:50.138155-05', 'FOLDER_LIEN_RELEASE', NULL, false, false) ON CONFLICT (destination_code) DO UPDATE SET display_name = EXCLUDED.display_name, email_address = EXCLUDED.email_address, active = EXCLUDED.active, created_at = EXCLUDED.created_at, updated_at = EXCLUDED.updated_at, parent_folder = EXCLUDED.parent_folder, label = EXCLUDED.label, send_teams_message = EXCLUDED.send_teams_message, send_email = EXCLUDED.send_email;
INSERT INTO public.routing_destinations (destination_code, display_name, email_address, active, created_at, updated_at, parent_folder, label, send_teams_message, send_email) VALUES ('ESCALATE_OVER_10000', 'OVER-10000', NULL, true, '2026-05-21 12:47:45.904431-05', '2026-05-26 08:24:50.138155-05', 'ESCALATE', 'Over 10000', true, false) ON CONFLICT (destination_code) DO UPDATE SET display_name = EXCLUDED.display_name, email_address = EXCLUDED.email_address, active = EXCLUDED.active, created_at = EXCLUDED.created_at, updated_at = EXCLUDED.updated_at, parent_folder = EXCLUDED.parent_folder, label = EXCLUDED.label, send_teams_message = EXCLUDED.send_teams_message, send_email = EXCLUDED.send_email;
INSERT INTO public.routing_destinations (destination_code, display_name, email_address, active, created_at, updated_at, parent_folder, label, send_teams_message, send_email) VALUES ('ESCALATE_WRONG_DESTINATION', 'WRONG-DESTINATION', NULL, true, '2026-05-13 12:06:44.497-05', '2026-05-26 08:24:50.138155-05', 'ESCALATE', 'Wrong Destination', false, false) ON CONFLICT (destination_code) DO UPDATE SET display_name = EXCLUDED.display_name, email_address = EXCLUDED.email_address, active = EXCLUDED.active, created_at = EXCLUDED.created_at, updated_at = EXCLUDED.updated_at, parent_folder = EXCLUDED.parent_folder, label = EXCLUDED.label, send_teams_message = EXCLUDED.send_teams_message, send_email = EXCLUDED.send_email;
INSERT INTO public.routing_destinations (destination_code, display_name, email_address, active, created_at, updated_at, parent_folder, label, send_teams_message, send_email) VALUES ('ESCALATE_PAST_DUE', 'PAST-DUE', NULL, true, '2026-05-15 15:23:56.835992-05', '2026-05-26 08:24:50.138155-05', 'ESCALATE', 'Past Due', true, false) ON CONFLICT (destination_code) DO UPDATE SET display_name = EXCLUDED.display_name, email_address = EXCLUDED.email_address, active = EXCLUDED.active, created_at = EXCLUDED.created_at, updated_at = EXCLUDED.updated_at, parent_folder = EXCLUDED.parent_folder, label = EXCLUDED.label, send_teams_message = EXCLUDED.send_teams_message, send_email = EXCLUDED.send_email;
INSERT INTO public.routing_destinations (destination_code, display_name, email_address, active, created_at, updated_at, parent_folder, label, send_teams_message, send_email) VALUES ('ESCALATE_LIEN_WAIVER', 'LIEN-WAIVER', NULL, true, '2026-05-27 13:41:35.034385-05', '2026-05-27 13:41:35.034385-05', 'ESCALATE', 'Lien Waiver', false, false) ON CONFLICT (destination_code) DO UPDATE SET display_name = EXCLUDED.display_name, email_address = EXCLUDED.email_address, active = EXCLUDED.active, created_at = EXCLUDED.created_at, updated_at = EXCLUDED.updated_at, parent_folder = EXCLUDED.parent_folder, label = EXCLUDED.label, send_teams_message = EXCLUDED.send_teams_message, send_email = EXCLUDED.send_email;
INSERT INTO public.routing_destinations (destination_code, display_name, email_address, active, created_at, updated_at, parent_folder, label, send_teams_message, send_email) VALUES ('ESCALATE_SPLIT_MULTI_PDF', 'SPLIT-MULTI-PDF', NULL, true, '2026-05-27 16:26:08.352929-05', '2026-05-27 16:26:08.352929-05', 'ESCALATE', 'SPLIT-MULTI-PDF', false, false) ON CONFLICT (destination_code) DO UPDATE SET display_name = EXCLUDED.display_name, email_address = EXCLUDED.email_address, active = EXCLUDED.active, created_at = EXCLUDED.created_at, updated_at = EXCLUDED.updated_at, parent_folder = EXCLUDED.parent_folder, label = EXCLUDED.label, send_teams_message = EXCLUDED.send_teams_message, send_email = EXCLUDED.send_email;
INSERT INTO public.routing_destinations (destination_code, display_name, email_address, active, created_at, updated_at, parent_folder, label, send_teams_message, send_email) VALUES ('ESCALATE_SPECIAL_ADDRESS', 'SPECIAL-ADDRESS', NULL, true, '2026-06-03 09:06:11.391964-05', '2026-06-03 09:06:11.391964-05', 'ESCALATE', 'Special Address', false, false) ON CONFLICT (destination_code) DO UPDATE SET display_name = EXCLUDED.display_name, email_address = EXCLUDED.email_address, active = EXCLUDED.active, created_at = EXCLUDED.created_at, updated_at = EXCLUDED.updated_at, parent_folder = EXCLUDED.parent_folder, label = EXCLUDED.label, send_teams_message = EXCLUDED.send_teams_message, send_email = EXCLUDED.send_email;
INSERT INTO public.routing_destinations (destination_code, display_name, email_address, active, created_at, updated_at, parent_folder, label, send_teams_message, send_email) VALUES ('MEDIUS_ALC', 'Medius ALC Queue', 'Medius.ALC@hillwood.com', false, '2026-05-07 12:51:31.023095-05', '2026-06-04 15:07:46.078688-05', 'MEDIUS_ALC', NULL, false, true) ON CONFLICT (destination_code) DO UPDATE SET display_name = EXCLUDED.display_name, email_address = EXCLUDED.email_address, active = EXCLUDED.active, created_at = EXCLUDED.created_at, updated_at = EXCLUDED.updated_at, parent_folder = EXCLUDED.parent_folder, label = EXCLUDED.label, send_teams_message = EXCLUDED.send_teams_message, send_email = EXCLUDED.send_email;
INSERT INTO public.routing_destinations (destination_code, display_name, email_address, active, created_at, updated_at, parent_folder, label, send_teams_message, send_email) VALUES ('ESCALATE_ALC', 'ALC', NULL, false, '2026-05-26 08:24:50.138155-05', '2026-06-04 15:07:46.078688-05', 'ESCALATE', 'ALC', false, false) ON CONFLICT (destination_code) DO UPDATE SET display_name = EXCLUDED.display_name, email_address = EXCLUDED.email_address, active = EXCLUDED.active, created_at = EXCLUDED.created_at, updated_at = EXCLUDED.updated_at, parent_folder = EXCLUDED.parent_folder, label = EXCLUDED.label, send_teams_message = EXCLUDED.send_teams_message, send_email = EXCLUDED.send_email;
INSERT INTO public.routing_destinations (destination_code, display_name, email_address, active, created_at, updated_at, parent_folder, label, send_teams_message, send_email) VALUES ('ESCALATE_CONTRACTOR_TIMESHEET', 'CONTRACTOR-TIMESHEET', NULL, true, '2026-06-04 15:36:44.263032-05', '2026-06-04 15:36:44.263032-05', 'ESCALATE', 'Contractor Timesheet', false, false) ON CONFLICT (destination_code) DO UPDATE SET display_name = EXCLUDED.display_name, email_address = EXCLUDED.email_address, active = EXCLUDED.active, created_at = EXCLUDED.created_at, updated_at = EXCLUDED.updated_at, parent_folder = EXCLUDED.parent_folder, label = EXCLUDED.label, send_teams_message = EXCLUDED.send_teams_message, send_email = EXCLUDED.send_email;
INSERT INTO public.routing_destinations (destination_code, display_name, email_address, active, created_at, updated_at, parent_folder, label, send_teams_message, send_email) VALUES ('ESCALATE_MULTIFAMILY', 'MULTIFAMILY', NULL, false, '2026-05-27 16:26:08.352929-05', '2026-06-12 08:09:02.152221-05', 'ESCALATE', 'MULTIFAMILY', false, false) ON CONFLICT (destination_code) DO UPDATE SET display_name = EXCLUDED.display_name, email_address = EXCLUDED.email_address, active = EXCLUDED.active, created_at = EXCLUDED.created_at, updated_at = EXCLUDED.updated_at, parent_folder = EXCLUDED.parent_folder, label = EXCLUDED.label, send_teams_message = EXCLUDED.send_teams_message, send_email = EXCLUDED.send_email;
INSERT INTO public.routing_destinations (destination_code, display_name, email_address, active, created_at, updated_at, parent_folder, label, send_teams_message, send_email) VALUES ('ESCALATE_0_DOLLAR_INVOICE', '0-DOLLAR-INVOICE', NULL, true, '2026-06-15 09:51:33.616199-05', '2026-06-15 09:54:36.425112-05', 'ESCALATE', '0 Dollar Invoice', false, false) ON CONFLICT (destination_code) DO UPDATE SET display_name = EXCLUDED.display_name, email_address = EXCLUDED.email_address, active = EXCLUDED.active, created_at = EXCLUDED.created_at, updated_at = EXCLUDED.updated_at, parent_folder = EXCLUDED.parent_folder, label = EXCLUDED.label, send_teams_message = EXCLUDED.send_teams_message, send_email = EXCLUDED.send_email;
INSERT INTO public.routing_destinations (destination_code, display_name, email_address, active, created_at, updated_at, parent_folder, label, send_teams_message, send_email) VALUES ('ESCALATE_CHECK_REQUEST', 'CHECK-REQUEST', NULL, true, '2026-05-28 12:00:41.543369-05', '2026-05-28 12:00:41.543369-05', 'ESCALATE', 'Check Request', false, false) ON CONFLICT (destination_code) DO UPDATE SET display_name = EXCLUDED.display_name, email_address = EXCLUDED.email_address, active = EXCLUDED.active, created_at = EXCLUDED.created_at, updated_at = EXCLUDED.updated_at, parent_folder = EXCLUDED.parent_folder, label = EXCLUDED.label, send_teams_message = EXCLUDED.send_teams_message, send_email = EXCLUDED.send_email;
INSERT INTO public.routing_destinations (destination_code, display_name, email_address, active, created_at, updated_at, parent_folder, label, send_teams_message, send_email) VALUES ('ESCALATE_CREDIT_MEMO', 'CREDIT-MEMO', NULL, true, '2026-06-17 10:43:04.849337-05', '2026-06-17 10:43:04.849337-05', 'ESCALATE', 'Credit Memo', false, false) ON CONFLICT (destination_code) DO UPDATE SET display_name = EXCLUDED.display_name, email_address = EXCLUDED.email_address, active = EXCLUDED.active, created_at = EXCLUDED.created_at, updated_at = EXCLUDED.updated_at, parent_folder = EXCLUDED.parent_folder, label = EXCLUDED.label, send_teams_message = EXCLUDED.send_teams_message, send_email = EXCLUDED.send_email;
INSERT INTO public.routing_destinations (destination_code, display_name, email_address, active, created_at, updated_at, parent_folder, label, send_teams_message, send_email) VALUES ('MEDIUS_AAS', 'Medius Aviation Services', 'Medius.AAS@hillwood.com', true, '2026-06-17 16:02:29.673578-05', '2026-06-17 16:02:29.673578-05', 'MEDIUS_AAS', NULL, false, true) ON CONFLICT (destination_code) DO UPDATE SET display_name = EXCLUDED.display_name, email_address = EXCLUDED.email_address, active = EXCLUDED.active, created_at = EXCLUDED.created_at, updated_at = EXCLUDED.updated_at, parent_folder = EXCLUDED.parent_folder, label = EXCLUDED.label, send_teams_message = EXCLUDED.send_teams_message, send_email = EXCLUDED.send_email;
INSERT INTO public.routing_destinations (destination_code, display_name, email_address, active, created_at, updated_at, parent_folder, label, send_teams_message, send_email) VALUES ('ESCALATE_MULTI_INVOICE_PDF', 'MULTI-INVOICE-PDF', NULL, true, '2026-05-13 12:06:44.497094-05', '2026-05-26 08:24:50.138155-05', 'ESCALATE', 'Multi PDF Invoice', false, false) ON CONFLICT (destination_code) DO UPDATE SET display_name = EXCLUDED.display_name, email_address = EXCLUDED.email_address, active = EXCLUDED.active, created_at = EXCLUDED.created_at, updated_at = EXCLUDED.updated_at, parent_folder = EXCLUDED.parent_folder, label = EXCLUDED.label, send_teams_message = EXCLUDED.send_teams_message, send_email = EXCLUDED.send_email;
INSERT INTO public.routing_destinations (destination_code, display_name, email_address, active, created_at, updated_at, parent_folder, label, send_teams_message, send_email) VALUES ('ESCALATE_MULTI_PDF_MERGE', 'MULTI-PDF-MERGE', NULL, true, '2026-05-13 12:06:44.497094-05', '2026-05-26 08:24:50.138155-05', 'ESCALATE', 'Multi PDF Merge', false, false) ON CONFLICT (destination_code) DO UPDATE SET display_name = EXCLUDED.display_name, email_address = EXCLUDED.email_address, active = EXCLUDED.active, created_at = EXCLUDED.created_at, updated_at = EXCLUDED.updated_at, parent_folder = EXCLUDED.parent_folder, label = EXCLUDED.label, send_teams_message = EXCLUDED.send_teams_message, send_email = EXCLUDED.send_email;
INSERT INTO public.routing_destinations (destination_code, display_name, email_address, active, created_at, updated_at, parent_folder, label, send_teams_message, send_email) VALUES ('ESCALATE_LINK_ONLY', 'LINK-ONLY', NULL, true, '2026-05-13 12:06:44.497094-05', '2026-05-26 08:24:50.138155-05', 'ESCALATE', 'Link Only', true, false) ON CONFLICT (destination_code) DO UPDATE SET display_name = EXCLUDED.display_name, email_address = EXCLUDED.email_address, active = EXCLUDED.active, created_at = EXCLUDED.created_at, updated_at = EXCLUDED.updated_at, parent_folder = EXCLUDED.parent_folder, label = EXCLUDED.label, send_teams_message = EXCLUDED.send_teams_message, send_email = EXCLUDED.send_email;
INSERT INTO public.routing_destinations (destination_code, display_name, email_address, active, created_at, updated_at, parent_folder, label, send_teams_message, send_email) VALUES ('ESCALATE_WRONG_FILE_TYPE', 'WRONG-FILE-TYPE', NULL, true, '2026-05-13 12:06:44.497094-05', '2026-05-26 08:24:50.138155-05', 'ESCALATE', 'Wrong File Type', false, false) ON CONFLICT (destination_code) DO UPDATE SET display_name = EXCLUDED.display_name, email_address = EXCLUDED.email_address, active = EXCLUDED.active, created_at = EXCLUDED.created_at, updated_at = EXCLUDED.updated_at, parent_folder = EXCLUDED.parent_folder, label = EXCLUDED.label, send_teams_message = EXCLUDED.send_teams_message, send_email = EXCLUDED.send_email;
INSERT INTO public.routing_destinations (destination_code, display_name, email_address, active, created_at, updated_at, parent_folder, label, send_teams_message, send_email) VALUES ('ESCALATE_CONTRACT_PAY_APP', 'CONTRACT-PAY-APP', NULL, true, '2026-05-13 12:06:44.497094-05', '2026-05-26 08:24:50.138155-05', 'ESCALATE', 'Contract Pay App', false, false) ON CONFLICT (destination_code) DO UPDATE SET display_name = EXCLUDED.display_name, email_address = EXCLUDED.email_address, active = EXCLUDED.active, created_at = EXCLUDED.created_at, updated_at = EXCLUDED.updated_at, parent_folder = EXCLUDED.parent_folder, label = EXCLUDED.label, send_teams_message = EXCLUDED.send_teams_message, send_email = EXCLUDED.send_email;
INSERT INTO public.routing_destinations (destination_code, display_name, email_address, active, created_at, updated_at, parent_folder, label, send_teams_message, send_email) VALUES ('ESCALATE_VENDOR_QUESTION', 'VENDOR-QUESTION', NULL, true, '2026-05-13 12:06:44.497094-05', '2026-05-26 08:24:50.138155-05', 'ESCALATE', 'Vendor Question', false, false) ON CONFLICT (destination_code) DO UPDATE SET display_name = EXCLUDED.display_name, email_address = EXCLUDED.email_address, active = EXCLUDED.active, created_at = EXCLUDED.created_at, updated_at = EXCLUDED.updated_at, parent_folder = EXCLUDED.parent_folder, label = EXCLUDED.label, send_teams_message = EXCLUDED.send_teams_message, send_email = EXCLUDED.send_email;
INSERT INTO public.routing_destinations (destination_code, display_name, email_address, active, created_at, updated_at, parent_folder, label, send_teams_message, send_email) VALUES ('ESCALATE_DUPLICATE_SUSPECTED', 'DUPLICATE-SUSPECTED', NULL, true, '2026-05-13 12:06:44.497094-05', '2026-05-26 08:24:50.138155-05', 'ESCALATE', 'Duplicate Suspected', false, false) ON CONFLICT (destination_code) DO UPDATE SET display_name = EXCLUDED.display_name, email_address = EXCLUDED.email_address, active = EXCLUDED.active, created_at = EXCLUDED.created_at, updated_at = EXCLUDED.updated_at, parent_folder = EXCLUDED.parent_folder, label = EXCLUDED.label, send_teams_message = EXCLUDED.send_teams_message, send_email = EXCLUDED.send_email;
INSERT INTO public.routing_destinations (destination_code, display_name, email_address, active, created_at, updated_at, parent_folder, label, send_teams_message, send_email) VALUES ('ESCALATE_UNMATCHED_BUILDING', 'UNMATCHED-BUILDING', NULL, true, '2026-05-13 12:06:44.497094-05', '2026-05-26 08:24:50.138155-05', 'ESCALATE', 'Unmatched Building', false, false) ON CONFLICT (destination_code) DO UPDATE SET display_name = EXCLUDED.display_name, email_address = EXCLUDED.email_address, active = EXCLUDED.active, created_at = EXCLUDED.created_at, updated_at = EXCLUDED.updated_at, parent_folder = EXCLUDED.parent_folder, label = EXCLUDED.label, send_teams_message = EXCLUDED.send_teams_message, send_email = EXCLUDED.send_email;
INSERT INTO public.routing_destinations (destination_code, display_name, email_address, active, created_at, updated_at, parent_folder, label, send_teams_message, send_email) VALUES ('ESCALATE_GENERAL', 'Escalate General', NULL, true, '2026-05-20 10:35:33.026911-05', '2026-05-26 08:24:50.138155-05', 'ESCALATE', 'General', false, false) ON CONFLICT (destination_code) DO UPDATE SET display_name = EXCLUDED.display_name, email_address = EXCLUDED.email_address, active = EXCLUDED.active, created_at = EXCLUDED.created_at, updated_at = EXCLUDED.updated_at, parent_folder = EXCLUDED.parent_folder, label = EXCLUDED.label, send_teams_message = EXCLUDED.send_teams_message, send_email = EXCLUDED.send_email;
INSERT INTO public.routing_destinations (destination_code, display_name, email_address, active, created_at, updated_at, parent_folder, label, send_teams_message, send_email) VALUES ('NO_ACTION', 'No External Action', NULL, true, '2026-05-07 12:51:31.023095-05', '2026-05-26 08:24:50.138155-05', 'NO_ACTION', NULL, false, false) ON CONFLICT (destination_code) DO UPDATE SET display_name = EXCLUDED.display_name, email_address = EXCLUDED.email_address, active = EXCLUDED.active, created_at = EXCLUDED.created_at, updated_at = EXCLUDED.updated_at, parent_folder = EXCLUDED.parent_folder, label = EXCLUDED.label, send_teams_message = EXCLUDED.send_teams_message, send_email = EXCLUDED.send_email;


--
-- Data for Name: ownership; Type: TABLE DATA; Schema: public; Owner: -
--

INSERT INTO public.ownership (ownership, destination, created_at) VALUES ('Alliance Outpost One', 'MEDIUS_PROPERTIES', '2026-05-20 08:37:41.833548') ON CONFLICT (ownership) DO UPDATE SET destination = EXCLUDED.destination, created_at = EXCLUDED.created_at;
INSERT INTO public.ownership (ownership, destination, created_at) VALUES ('Artemis', 'MEDIUS_PROPERTIES', '2026-05-20 08:37:41.833548') ON CONFLICT (ownership) DO UPDATE SET destination = EXCLUDED.destination, created_at = EXCLUDED.created_at;
INSERT INTO public.ownership (ownership, destination, created_at) VALUES ('Bell Helicopter', 'MEDIUS_PROPERTIES', '2026-05-20 08:37:41.833548') ON CONFLICT (ownership) DO UPDATE SET destination = EXCLUDED.destination, created_at = EXCLUDED.created_at;
INSERT INTO public.ownership (ownership, destination, created_at) VALUES ('BK', 'ESCALATE_UNMATCHED_BUILDING', '2026-05-20 08:37:41.833548') ON CONFLICT (ownership) DO UPDATE SET destination = EXCLUDED.destination, created_at = EXCLUDED.created_at;
INSERT INTO public.ownership (ownership, destination, created_at) VALUES ('Cambridge Outerloop', 'MEDIUS_PROPERTIES', '2026-05-20 08:37:41.833548') ON CONFLICT (ownership) DO UPDATE SET destination = EXCLUDED.destination, created_at = EXCLUDED.created_at;
INSERT INTO public.ownership (ownership, destination, created_at) VALUES ('CFT - NV', 'MICHELE_FELLERS', '2026-05-20 08:37:41.833548') ON CONFLICT (ownership) DO UPDATE SET destination = EXCLUDED.destination, created_at = EXCLUDED.created_at;
INSERT INTO public.ownership (ownership, destination, created_at) VALUES ('Hillwood', 'MEDIUS_PROPERTIES', '2026-05-20 08:37:41.833548') ON CONFLICT (ownership) DO UPDATE SET destination = EXCLUDED.destination, created_at = EXCLUDED.created_at;
INSERT INTO public.ownership (ownership, destination, created_at) VALUES ('JPM', 'MICHELE_FELLERS', '2026-05-20 08:37:41.833548') ON CONFLICT (ownership) DO UPDATE SET destination = EXCLUDED.destination, created_at = EXCLUDED.created_at;
INSERT INTO public.ownership (ownership, destination, created_at) VALUES ('Lexington', 'PATTIE_MCCLEAN', '2026-05-20 08:37:41.833548') ON CONFLICT (ownership) DO UPDATE SET destination = EXCLUDED.destination, created_at = EXCLUDED.created_at;
INSERT INTO public.ownership (ownership, destination, created_at) VALUES ('Manulife', 'ESCALATE_UNMATCHED_BUILDING', '2026-05-20 08:37:41.833548') ON CONFLICT (ownership) DO UPDATE SET destination = EXCLUDED.destination, created_at = EXCLUDED.created_at;
INSERT INTO public.ownership (ownership, destination, created_at) VALUES ('Nuveen', 'TIFFANY_BECK', '2026-05-20 08:37:41.833548') ON CONFLICT (ownership) DO UPDATE SET destination = EXCLUDED.destination, created_at = EXCLUDED.created_at;
INSERT INTO public.ownership (ownership, destination, created_at) VALUES ('O''Reillys Auto Parts', 'ESCALATE_UNMATCHED_BUILDING', '2026-05-20 08:37:41.833548') ON CONFLICT (ownership) DO UPDATE SET destination = EXCLUDED.destination, created_at = EXCLUDED.created_at;
INSERT INTO public.ownership (ownership, destination, created_at) VALUES ('Scout', 'MICHELE_FELLERS', '2026-05-20 08:37:41.833548') ON CONFLICT (ownership) DO UPDATE SET destination = EXCLUDED.destination, created_at = EXCLUDED.created_at;
INSERT INTO public.ownership (ownership, destination, created_at) VALUES ('Stonepeak', 'MEDIUS_PROPERTIES', '2026-05-20 08:37:41.833548') ON CONFLICT (ownership) DO UPDATE SET destination = EXCLUDED.destination, created_at = EXCLUDED.created_at;
INSERT INTO public.ownership (ownership, destination, created_at) VALUES ('Tishman Realty', 'MEDIUS_PROPERTIES', '2026-05-20 08:37:41.833548') ON CONFLICT (ownership) DO UPDATE SET destination = EXCLUDED.destination, created_at = EXCLUDED.created_at;
INSERT INTO public.ownership (ownership, destination, created_at) VALUES ('None', 'ESCALATE_UNMATCHED_BUILDING', '2026-05-20 08:37:41.833548') ON CONFLICT (ownership) DO UPDATE SET destination = EXCLUDED.destination, created_at = EXCLUDED.created_at;
INSERT INTO public.ownership (ownership, destination, created_at) VALUES ('CoFW', 'MEDIUS_PROPERTIES', '2026-05-20 08:37:41.833548') ON CONFLICT (ownership) DO UPDATE SET destination = EXCLUDED.destination, created_at = EXCLUDED.created_at;


--
-- Data for Name: asset; Type: TABLE DATA; Schema: public; Owner: -
--

INSERT INTO public.asset (id, asset_name, ownership, asset_type, asset_alias, market_name, market_area, tenants, address, created_at) VALUES (137, 'Dick''s Sporting Goods - Risinger', 'None', 'Industrial', 'Project Cats', 'Fort Worth', NULL, NULL, '10001 Old Burleson Road, Fort Worth, Texas 76140', '2026-05-20 08:51:27.713258-05') ON CONFLICT (id) DO UPDATE SET asset_name = EXCLUDED.asset_name, ownership = EXCLUDED.ownership, asset_type = EXCLUDED.asset_type, asset_alias = EXCLUDED.asset_alias, market_name = EXCLUDED.market_name, market_area = EXCLUDED.market_area, tenants = EXCLUDED.tenants, address = EXCLUDED.address, created_at = EXCLUDED.created_at;
INSERT INTO public.asset (id, asset_name, ownership, asset_type, asset_alias, market_name, market_area, tenants, address, created_at) VALUES (138, 'Facebook Data Center', 'None', 'Other', NULL, 'AllianceTexas', 'Gateway North', NULL, '4500 Like Way, Fort Worth, Texas 76177', '2026-05-20 08:51:27.713258-05') ON CONFLICT (id) DO UPDATE SET asset_name = EXCLUDED.asset_name, ownership = EXCLUDED.ownership, asset_type = EXCLUDED.asset_type, asset_alias = EXCLUDED.asset_alias, market_name = EXCLUDED.market_name, market_area = EXCLUDED.market_area, tenants = EXCLUDED.tenants, address = EXCLUDED.address, created_at = EXCLUDED.created_at;
INSERT INTO public.asset (id, asset_name, ownership, asset_type, asset_alias, market_name, market_area, tenants, address, created_at) VALUES (139, 'Frost Bank Alliance', 'None', 'Retail', NULL, 'AllianceTexas', NULL, NULL, '3000 Golden Triangle Boulevard, Fort Worth, Texas 76177', '2026-05-20 08:51:27.713258-05') ON CONFLICT (id) DO UPDATE SET asset_name = EXCLUDED.asset_name, ownership = EXCLUDED.ownership, asset_type = EXCLUDED.asset_type, asset_alias = EXCLUDED.asset_alias, market_name = EXCLUDED.market_name, market_area = EXCLUDED.market_area, tenants = EXCLUDED.tenants, address = EXCLUDED.address, created_at = EXCLUDED.created_at;
INSERT INTO public.asset (id, asset_name, ownership, asset_type, asset_alias, market_name, market_area, tenants, address, created_at) VALUES (140, 'H-E-B Alliance', 'None', 'Retail', 'HEB', NULL, NULL, NULL, '3451 Heritage Trace Parkway, Fort Worth, Texas 76177', '2026-05-20 08:51:27.713258-05') ON CONFLICT (id) DO UPDATE SET asset_name = EXCLUDED.asset_name, ownership = EXCLUDED.ownership, asset_type = EXCLUDED.asset_type, asset_alias = EXCLUDED.asset_alias, market_name = EXCLUDED.market_name, market_area = EXCLUDED.market_area, tenants = EXCLUDED.tenants, address = EXCLUDED.address, created_at = EXCLUDED.created_at;
INSERT INTO public.asset (id, asset_name, ownership, asset_type, asset_alias, market_name, market_area, tenants, address, created_at) VALUES (141, 'Hideaway Pizza', 'None', 'Retail', NULL, 'AllianceTexas', 'ATC North', NULL, '9800 North Freeway, Fort Worth, Texas 76177', '2026-05-20 08:51:27.713258-05') ON CONFLICT (id) DO UPDATE SET asset_name = EXCLUDED.asset_name, ownership = EXCLUDED.ownership, asset_type = EXCLUDED.asset_type, asset_alias = EXCLUDED.asset_alias, market_name = EXCLUDED.market_name, market_area = EXCLUDED.market_area, tenants = EXCLUDED.tenants, address = EXCLUDED.address, created_at = EXCLUDED.created_at;
INSERT INTO public.asset (id, asset_name, ownership, asset_type, asset_alias, market_name, market_area, tenants, address, created_at) VALUES (142, 'Pinstack', 'None', 'Retail', NULL, 'AllianceTexas', NULL, NULL, '3650 Parish Lane, Roanoke, Texas 76262', '2026-05-20 08:51:27.713258-05') ON CONFLICT (id) DO UPDATE SET asset_name = EXCLUDED.asset_name, ownership = EXCLUDED.ownership, asset_type = EXCLUDED.asset_type, asset_alias = EXCLUDED.asset_alias, market_name = EXCLUDED.market_name, market_area = EXCLUDED.market_area, tenants = EXCLUDED.tenants, address = EXCLUDED.address, created_at = EXCLUDED.created_at;
INSERT INTO public.asset (id, asset_name, ownership, asset_type, asset_alias, market_name, market_area, tenants, address, created_at) VALUES (143, 'QuikTrip Alliance Crossing', 'None', 'Retail', NULL, 'AllianceTexas', NULL, NULL, '13401 Crossing Way, Fort Worth, Texas 76177', '2026-05-20 08:51:27.713258-05') ON CONFLICT (id) DO UPDATE SET asset_name = EXCLUDED.asset_name, ownership = EXCLUDED.ownership, asset_type = EXCLUDED.asset_type, asset_alias = EXCLUDED.asset_alias, market_name = EXCLUDED.market_name, market_area = EXCLUDED.market_area, tenants = EXCLUDED.tenants, address = EXCLUDED.address, created_at = EXCLUDED.created_at;
INSERT INTO public.asset (id, asset_name, ownership, asset_type, asset_alias, market_name, market_area, tenants, address, created_at) VALUES (144, 'Roanoke Police Department', 'None', 'Other', 'Roanoke PD', 'AllianceTexas', NULL, NULL, '203 Fairway Drive, Roanoke, Texas 76262', '2026-05-20 08:51:27.713258-05') ON CONFLICT (id) DO UPDATE SET asset_name = EXCLUDED.asset_name, ownership = EXCLUDED.ownership, asset_type = EXCLUDED.asset_type, asset_alias = EXCLUDED.asset_alias, market_name = EXCLUDED.market_name, market_area = EXCLUDED.market_area, tenants = EXCLUDED.tenants, address = EXCLUDED.address, created_at = EXCLUDED.created_at;
INSERT INTO public.asset (id, asset_name, ownership, asset_type, asset_alias, market_name, market_area, tenants, address, created_at) VALUES (146, 'Texas Oncology', 'None', 'Retail', NULL, 'AllianceTexas', 'ATC North', NULL, '9750 Hillwood Parkway, Fort Worth, Texas 76177', '2026-05-20 08:51:27.713258-05') ON CONFLICT (id) DO UPDATE SET asset_name = EXCLUDED.asset_name, ownership = EXCLUDED.ownership, asset_type = EXCLUDED.asset_type, asset_alias = EXCLUDED.asset_alias, market_name = EXCLUDED.market_name, market_area = EXCLUDED.market_area, tenants = EXCLUDED.tenants, address = EXCLUDED.address, created_at = EXCLUDED.created_at;
INSERT INTO public.asset (id, asset_name, ownership, asset_type, asset_alias, market_name, market_area, tenants, address, created_at) VALUES (147, 'Alliance Commerce Center 14', 'Alliance Outpost One', 'Office', 'ACC 14', 'AllianceTexas', 'Alliance Commerce Center', 'BW Gas & Convenience Holdings, LLC;ConGlobal Industries, LLC;Texhoma Land Consultants;Textron, Inc.', '2301 Eagle Parkway, Fort Worth, Texas 76177', '2026-05-20 08:51:27.713258-05') ON CONFLICT (id) DO UPDATE SET asset_name = EXCLUDED.asset_name, ownership = EXCLUDED.ownership, asset_type = EXCLUDED.asset_type, asset_alias = EXCLUDED.asset_alias, market_name = EXCLUDED.market_name, market_area = EXCLUDED.market_area, tenants = EXCLUDED.tenants, address = EXCLUDED.address, created_at = EXCLUDED.created_at;
INSERT INTO public.asset (id, asset_name, ownership, asset_type, asset_alias, market_name, market_area, tenants, address, created_at) VALUES (148, 'Alliance Gateway 19', 'Artemis', 'Industrial', 'GW19', 'AllianceTexas', 'Gateway South', 'FedEx Supply Chain', '13500 Independence Parkway, Fort Worth, Texas 76177', '2026-05-20 08:51:27.713258-05') ON CONFLICT (id) DO UPDATE SET asset_name = EXCLUDED.asset_name, ownership = EXCLUDED.ownership, asset_type = EXCLUDED.asset_type, asset_alias = EXCLUDED.asset_alias, market_name = EXCLUDED.market_name, market_area = EXCLUDED.market_area, tenants = EXCLUDED.tenants, address = EXCLUDED.address, created_at = EXCLUDED.created_at;
INSERT INTO public.asset (id, asset_name, ownership, asset_type, asset_alias, market_name, market_area, tenants, address, created_at) VALUES (150, 'Alliance Gateway 5', 'Artemis', 'Industrial', 'GW5', 'AllianceTexas', 'Gateway South', 'FedEx Supply Chain', '13550 Independence Parkway, Fort Worth, Texas 76177', '2026-05-20 08:51:27.713258-05') ON CONFLICT (id) DO UPDATE SET asset_name = EXCLUDED.asset_name, ownership = EXCLUDED.ownership, asset_type = EXCLUDED.asset_type, asset_alias = EXCLUDED.asset_alias, market_name = EXCLUDED.market_name, market_area = EXCLUDED.market_area, tenants = EXCLUDED.tenants, address = EXCLUDED.address, created_at = EXCLUDED.created_at;
INSERT INTO public.asset (id, asset_name, ownership, asset_type, asset_alias, market_name, market_area, tenants, address, created_at) VALUES (151, 'Alliance Gateway 72', 'Artemis', 'Industrial', 'GW72', 'AllianceTexas', 'Gateway North', 'Colgate Palmolive', '4800 Henrietta Creek Road, Fort Worth, Texas 76262', '2026-05-20 08:51:27.713258-05') ON CONFLICT (id) DO UPDATE SET asset_name = EXCLUDED.asset_name, ownership = EXCLUDED.ownership, asset_type = EXCLUDED.asset_type, asset_alias = EXCLUDED.asset_alias, market_name = EXCLUDED.market_name, market_area = EXCLUDED.market_area, tenants = EXCLUDED.tenants, address = EXCLUDED.address, created_at = EXCLUDED.created_at;
INSERT INTO public.asset (id, asset_name, ownership, asset_type, asset_alias, market_name, market_area, tenants, address, created_at) VALUES (152, 'Alliance Westport 9', 'Artemis', 'Industrial', 'WP9', 'AllianceTexas', 'Westport', 'Performance Team, A Maersk Company;United States Postal Service', '400 Intermodal Parkway, Haslet, Texas 76177', '2026-05-20 08:51:27.713258-05') ON CONFLICT (id) DO UPDATE SET asset_name = EXCLUDED.asset_name, ownership = EXCLUDED.ownership, asset_type = EXCLUDED.asset_type, asset_alias = EXCLUDED.asset_alias, market_name = EXCLUDED.market_name, market_area = EXCLUDED.market_area, tenants = EXCLUDED.tenants, address = EXCLUDED.address, created_at = EXCLUDED.created_at;
INSERT INTO public.asset (id, asset_name, ownership, asset_type, asset_alias, market_name, market_area, tenants, address, created_at) VALUES (153, 'Alliance Center North 10', 'Bell Helicopter', 'Industrial', 'ACN10', 'AllianceTexas', 'Alliance Center North', 'Bell Helicopter Textron, Inc.', '15100 North Beach Street, Fort Worth, Texas 76177', '2026-05-20 08:51:27.713258-05') ON CONFLICT (id) DO UPDATE SET asset_name = EXCLUDED.asset_name, ownership = EXCLUDED.ownership, asset_type = EXCLUDED.asset_type, asset_alias = EXCLUDED.asset_alias, market_name = EXCLUDED.market_name, market_area = EXCLUDED.market_area, tenants = EXCLUDED.tenants, address = EXCLUDED.address, created_at = EXCLUDED.created_at;
INSERT INTO public.asset (id, asset_name, ownership, asset_type, asset_alias, market_name, market_area, tenants, address, created_at) VALUES (154, 'Westport 7', 'BK', 'Industrial', 'WP7', 'AllianceTexas', 'Westport', NULL, '700 Westport Parkway, Haslet, Texas 76052', '2026-05-20 08:51:27.713258-05') ON CONFLICT (id) DO UPDATE SET asset_name = EXCLUDED.asset_name, ownership = EXCLUDED.ownership, asset_type = EXCLUDED.asset_type, asset_alias = EXCLUDED.asset_alias, market_name = EXCLUDED.market_name, market_area = EXCLUDED.market_area, tenants = EXCLUDED.tenants, address = EXCLUDED.address, created_at = EXCLUDED.created_at;
INSERT INTO public.asset (id, asset_name, ownership, asset_type, asset_alias, market_name, market_area, tenants, address, created_at) VALUES (156, 'Heritage Commons X', 'CFT - NV', 'Office', 'HCX', 'AllianceTexas', 'Alliance Center', 'Mercedes-Benz Financial Services', '14372 Heritage Parkway, Fort Worth, Texas 76177', '2026-05-20 08:51:27.713258-05') ON CONFLICT (id) DO UPDATE SET asset_name = EXCLUDED.asset_name, ownership = EXCLUDED.ownership, asset_type = EXCLUDED.asset_type, asset_alias = EXCLUDED.asset_alias, market_name = EXCLUDED.market_name, market_area = EXCLUDED.market_area, tenants = EXCLUDED.tenants, address = EXCLUDED.address, created_at = EXCLUDED.created_at;
INSERT INTO public.asset (id, asset_name, ownership, asset_type, asset_alias, market_name, market_area, tenants, address, created_at) VALUES (157, 'City of Fort Worth Maintenance Base', 'CoFW', 'Aviation', 'CoFW MB', 'AllianceTexas', 'Alliance Center', 'AVX Defense Technologies;Alliance AI No. 1, LLC;GDC/Aspire;Gridiron Air;ILOAJP, LLC Holdings;MTU;Mammoth;O''Neill''s;Omni Air International;Paramount Aerospace Systems', '2070 Eagle Parkway, Fort Worth, Texas 76177', '2026-05-20 08:51:27.713258-05') ON CONFLICT (id) DO UPDATE SET asset_name = EXCLUDED.asset_name, ownership = EXCLUDED.ownership, asset_type = EXCLUDED.asset_type, asset_alias = EXCLUDED.asset_alias, market_name = EXCLUDED.market_name, market_area = EXCLUDED.market_area, tenants = EXCLUDED.tenants, address = EXCLUDED.address, created_at = EXCLUDED.created_at;
INSERT INTO public.asset (id, asset_name, ownership, asset_type, asset_alias, market_name, market_area, tenants, address, created_at) VALUES (158, '2050 Roanoke Road', 'Hillwood', 'Office', 'CT West', 'AllianceTexas', 'Circle T Ranch', 'Kiewit Corporation', '2050 Roanoke Road, Westlake, Texas 76262', '2026-05-20 08:51:27.713258-05') ON CONFLICT (id) DO UPDATE SET asset_name = EXCLUDED.asset_name, ownership = EXCLUDED.ownership, asset_type = EXCLUDED.asset_type, asset_alias = EXCLUDED.asset_alias, market_name = EXCLUDED.market_name, market_area = EXCLUDED.market_area, tenants = EXCLUDED.tenants, address = EXCLUDED.address, created_at = EXCLUDED.created_at;
INSERT INTO public.asset (id, asset_name, ownership, asset_type, asset_alias, market_name, market_area, tenants, address, created_at) VALUES (159, 'ABP - Aviator Way', 'Hillwood', 'Aviation', 'ABP', 'AllianceTexas', 'Alliance Center', 'AVX Defense Technologies;Aerolane;Caterpillar, Inc.;ETD Development, LLC;Executive Jet Management;FBO Partners / Alliance Aviation Services;Gridiron Air;HGB Holdings, LLC;Halbert & Associates;Martin-Baker;Oshman Aviation Group LLC;Penske Jet Inc. Division;Trinity Broadcasting Network', '13850 Heritage Parkway, Fort Worth, Texas 76177', '2026-05-20 08:51:27.713258-05') ON CONFLICT (id) DO UPDATE SET asset_name = EXCLUDED.asset_name, ownership = EXCLUDED.ownership, asset_type = EXCLUDED.asset_type, asset_alias = EXCLUDED.asset_alias, market_name = EXCLUDED.market_name, market_area = EXCLUDED.market_area, tenants = EXCLUDED.tenants, address = EXCLUDED.address, created_at = EXCLUDED.created_at;
INSERT INTO public.asset (id, asset_name, ownership, asset_type, asset_alias, market_name, market_area, tenants, address, created_at) VALUES (160, 'ACC5 Parking Lot ', 'Hillwood', 'Parking', 'ACC5', 'AllianceTexas', 'Alliance Commerce Center', 'Group O, Inc.', '2101 Eagle Parkway, Fort Worth, Texas 76177', '2026-05-20 08:51:27.713258-05') ON CONFLICT (id) DO UPDATE SET asset_name = EXCLUDED.asset_name, ownership = EXCLUDED.ownership, asset_type = EXCLUDED.asset_type, asset_alias = EXCLUDED.asset_alias, market_name = EXCLUDED.market_name, market_area = EXCLUDED.market_area, tenants = EXCLUDED.tenants, address = EXCLUDED.address, created_at = EXCLUDED.created_at;
INSERT INTO public.asset (id, asset_name, ownership, asset_type, asset_alias, market_name, market_area, tenants, address, created_at) VALUES (161, 'Alliance AI (Maintenance Base)', 'Hillwood', 'Parking', 'Alliance AI', 'AllianceTexas', 'Alliance Center', 'Gatik;Wallport Transit Xpress', '2000 Eagle Parkway, Fort Worth, Texas 76177', '2026-05-20 08:51:27.713258-05') ON CONFLICT (id) DO UPDATE SET asset_name = EXCLUDED.asset_name, ownership = EXCLUDED.ownership, asset_type = EXCLUDED.asset_type, asset_alias = EXCLUDED.asset_alias, market_name = EXCLUDED.market_name, market_area = EXCLUDED.market_area, tenants = EXCLUDED.tenants, address = EXCLUDED.address, created_at = EXCLUDED.created_at;
INSERT INTO public.asset (id, asset_name, ownership, asset_type, asset_alias, market_name, market_area, tenants, address, created_at) VALUES (162, 'Alliance Air Trade Center', 'Hillwood', 'Industrial', 'AATC', 'AllianceTexas', 'Alliance Center', 'Spartan Carrier Group', '1104 Tradewind Drive, Haslet, Texas 76052', '2026-05-20 08:51:27.713258-05') ON CONFLICT (id) DO UPDATE SET asset_name = EXCLUDED.asset_name, ownership = EXCLUDED.ownership, asset_type = EXCLUDED.asset_type, asset_alias = EXCLUDED.asset_alias, market_name = EXCLUDED.market_name, market_area = EXCLUDED.market_area, tenants = EXCLUDED.tenants, address = EXCLUDED.address, created_at = EXCLUDED.created_at;
INSERT INTO public.asset (id, asset_name, ownership, asset_type, asset_alias, market_name, market_area, tenants, address, created_at) VALUES (163, 'Alliance Center East 1', 'Hillwood', 'Industrial', 'ACE1', 'AllianceTexas', 'Alliance Center East', 'Target Corporation', '13750 North Freeway, Fort Worth, Texas', '2026-05-20 08:51:27.713258-05') ON CONFLICT (id) DO UPDATE SET asset_name = EXCLUDED.asset_name, ownership = EXCLUDED.ownership, asset_type = EXCLUDED.asset_type, asset_alias = EXCLUDED.asset_alias, market_name = EXCLUDED.market_name, market_area = EXCLUDED.market_area, tenants = EXCLUDED.tenants, address = EXCLUDED.address, created_at = EXCLUDED.created_at;
INSERT INTO public.asset (id, asset_name, ownership, asset_type, asset_alias, market_name, market_area, tenants, address, created_at) VALUES (164, 'Alliance Center East 2', 'Hillwood', 'Industrial', 'ACE2', 'AllianceTexas', 'Alliance Center East', 'SGS Studios', '2601 Spirit Dr, Fort Worth, Texas 76262', '2026-05-20 08:51:27.713258-05') ON CONFLICT (id) DO UPDATE SET asset_name = EXCLUDED.asset_name, ownership = EXCLUDED.ownership, asset_type = EXCLUDED.asset_type, asset_alias = EXCLUDED.asset_alias, market_name = EXCLUDED.market_name, market_area = EXCLUDED.market_area, tenants = EXCLUDED.tenants, address = EXCLUDED.address, created_at = EXCLUDED.created_at;
INSERT INTO public.asset (id, asset_name, ownership, asset_type, asset_alias, market_name, market_area, tenants, address, created_at) VALUES (165, 'Alliance Center East 3', 'Hillwood', 'Industrial', 'ACE3', 'AllianceTexas', 'Alliance Center East', 'SGS Studios', '2701 Spirit Dr, Fort Worth, Texas 76262', '2026-05-20 08:51:27.713258-05') ON CONFLICT (id) DO UPDATE SET asset_name = EXCLUDED.asset_name, ownership = EXCLUDED.ownership, asset_type = EXCLUDED.asset_type, asset_alias = EXCLUDED.asset_alias, market_name = EXCLUDED.market_name, market_area = EXCLUDED.market_area, tenants = EXCLUDED.tenants, address = EXCLUDED.address, created_at = EXCLUDED.created_at;
INSERT INTO public.asset (id, asset_name, ownership, asset_type, asset_alias, market_name, market_area, tenants, address, created_at) VALUES (166, 'Alliance Center East Parking Lot', 'Hillwood', 'Parking', 'ACE PL', 'AllianceTexas', 'Alliance Center East', NULL, '2601 Spirit Drive, Fort Worth, Texas 76262', '2026-05-20 08:51:27.713258-05') ON CONFLICT (id) DO UPDATE SET asset_name = EXCLUDED.asset_name, ownership = EXCLUDED.ownership, asset_type = EXCLUDED.asset_type, asset_alias = EXCLUDED.asset_alias, market_name = EXCLUDED.market_name, market_area = EXCLUDED.market_area, tenants = EXCLUDED.tenants, address = EXCLUDED.address, created_at = EXCLUDED.created_at;
INSERT INTO public.asset (id, asset_name, ownership, asset_type, asset_alias, market_name, market_area, tenants, address, created_at) VALUES (167, 'Alliance Center No. 1', 'Hillwood', 'Aviation', 'AC1', 'AllianceTexas', 'Alliance Center', 'Embraer Aircraft Maintenance Services', '13537 Heritage Parkway, Fort Worth, Texas 76177', '2026-05-20 08:51:27.713258-05') ON CONFLICT (id) DO UPDATE SET asset_name = EXCLUDED.asset_name, ownership = EXCLUDED.ownership, asset_type = EXCLUDED.asset_type, asset_alias = EXCLUDED.asset_alias, market_name = EXCLUDED.market_name, market_area = EXCLUDED.market_area, tenants = EXCLUDED.tenants, address = EXCLUDED.address, created_at = EXCLUDED.created_at;
INSERT INTO public.asset (id, asset_name, ownership, asset_type, asset_alias, market_name, market_area, tenants, address, created_at) VALUES (168, 'Alliance Center North 15', 'Hillwood', 'Industrial', 'ACN15', 'AllianceTexas', 'Alliance Center North', 'Enovis;Smart Warehousing, LLC', '3300 Eagle Parkway, Roanoke, Texas 76177', '2026-05-20 08:51:27.713258-05') ON CONFLICT (id) DO UPDATE SET asset_name = EXCLUDED.asset_name, ownership = EXCLUDED.ownership, asset_type = EXCLUDED.asset_type, asset_alias = EXCLUDED.asset_alias, market_name = EXCLUDED.market_name, market_area = EXCLUDED.market_area, tenants = EXCLUDED.tenants, address = EXCLUDED.address, created_at = EXCLUDED.created_at;
INSERT INTO public.asset (id, asset_name, ownership, asset_type, asset_alias, market_name, market_area, tenants, address, created_at) VALUES (169, 'Alliance Center North 2', 'Hillwood', 'Industrial', 'ACN2', 'AllianceTexas', 'Alliance Center North', 'Walmart', '15101 Beach Street, Roanoke, Texas 76262', '2026-05-20 08:51:27.713258-05') ON CONFLICT (id) DO UPDATE SET asset_name = EXCLUDED.asset_name, ownership = EXCLUDED.ownership, asset_type = EXCLUDED.asset_type, asset_alias = EXCLUDED.asset_alias, market_name = EXCLUDED.market_name, market_area = EXCLUDED.market_area, tenants = EXCLUDED.tenants, address = EXCLUDED.address, created_at = EXCLUDED.created_at;
INSERT INTO public.asset (id, asset_name, ownership, asset_type, asset_alias, market_name, market_area, tenants, address, created_at) VALUES (170, 'Alliance Center North 3', 'Hillwood', 'Industrial', 'ACN3', 'AllianceTexas', 'Alliance Center North', 'Callaway Golf Company', '15221 North Beach Street, Roanoke, Texas 76177', '2026-05-20 08:51:27.713258-05') ON CONFLICT (id) DO UPDATE SET asset_name = EXCLUDED.asset_name, ownership = EXCLUDED.ownership, asset_type = EXCLUDED.asset_type, asset_alias = EXCLUDED.asset_alias, market_name = EXCLUDED.market_name, market_area = EXCLUDED.market_area, tenants = EXCLUDED.tenants, address = EXCLUDED.address, created_at = EXCLUDED.created_at;
INSERT INTO public.asset (id, asset_name, ownership, asset_type, asset_alias, market_name, market_area, tenants, address, created_at) VALUES (171, 'Alliance Center North 4', 'Hillwood', 'Industrial', 'ACN4', 'AllianceTexas', 'Alliance Center North', 'Callaway Golf Company;Celestica', '15301 North Beach Street, Roanoke, Texas 76177', '2026-05-20 08:51:27.713258-05') ON CONFLICT (id) DO UPDATE SET asset_name = EXCLUDED.asset_name, ownership = EXCLUDED.ownership, asset_type = EXCLUDED.asset_type, asset_alias = EXCLUDED.asset_alias, market_name = EXCLUDED.market_name, market_area = EXCLUDED.market_area, tenants = EXCLUDED.tenants, address = EXCLUDED.address, created_at = EXCLUDED.created_at;
INSERT INTO public.asset (id, asset_name, ownership, asset_type, asset_alias, market_name, market_area, tenants, address, created_at) VALUES (172, 'Alliance Center North 5', 'Hillwood', 'Ground Lease', 'ACN5/DDF5', 'AllianceTexas', 'Alliance Center North', NULL, NULL, '2026-05-20 08:51:27.713258-05') ON CONFLICT (id) DO UPDATE SET asset_name = EXCLUDED.asset_name, ownership = EXCLUDED.ownership, asset_type = EXCLUDED.asset_type, asset_alias = EXCLUDED.asset_alias, market_name = EXCLUDED.market_name, market_area = EXCLUDED.market_area, tenants = EXCLUDED.tenants, address = EXCLUDED.address, created_at = EXCLUDED.created_at;
INSERT INTO public.asset (id, asset_name, ownership, asset_type, asset_alias, market_name, market_area, tenants, address, created_at) VALUES (173, 'Alliance Center North 7', 'Hillwood', 'Industrial', 'ACN7', 'AllianceTexas', 'Alliance Center North', 'Henry Schein, Inc.', '3701 Litsey Road, Roanoke, Texas 76262', '2026-05-20 08:51:27.713258-05') ON CONFLICT (id) DO UPDATE SET asset_name = EXCLUDED.asset_name, ownership = EXCLUDED.ownership, asset_type = EXCLUDED.asset_type, asset_alias = EXCLUDED.asset_alias, market_name = EXCLUDED.market_name, market_area = EXCLUDED.market_area, tenants = EXCLUDED.tenants, address = EXCLUDED.address, created_at = EXCLUDED.created_at;
INSERT INTO public.asset (id, asset_name, ownership, asset_type, asset_alias, market_name, market_area, tenants, address, created_at) VALUES (174, 'Alliance Center North 8 ', 'Hillwood', 'Industrial', 'ACN8', 'AllianceTexas', 'Alliance Center North', 'W.W. Grainger', '15350 North Beach Street, Roanoke, Texas 76262', '2026-05-20 08:51:27.713258-05') ON CONFLICT (id) DO UPDATE SET asset_name = EXCLUDED.asset_name, ownership = EXCLUDED.ownership, asset_type = EXCLUDED.asset_type, asset_alias = EXCLUDED.asset_alias, market_name = EXCLUDED.market_name, market_area = EXCLUDED.market_area, tenants = EXCLUDED.tenants, address = EXCLUDED.address, created_at = EXCLUDED.created_at;
INSERT INTO public.asset (id, asset_name, ownership, asset_type, asset_alias, market_name, market_area, tenants, address, created_at) VALUES (175, 'Alliance Center North 9', 'Hillwood', 'Industrial', 'ACN9', 'AllianceTexas', 'Alliance Center North', 'Carolina Beverage Group, LLC', '15250 North Beach Street, Roanoke, Texas 76262', '2026-05-20 08:51:27.713258-05') ON CONFLICT (id) DO UPDATE SET asset_name = EXCLUDED.asset_name, ownership = EXCLUDED.ownership, asset_type = EXCLUDED.asset_type, asset_alias = EXCLUDED.asset_alias, market_name = EXCLUDED.market_name, market_area = EXCLUDED.market_area, tenants = EXCLUDED.tenants, address = EXCLUDED.address, created_at = EXCLUDED.created_at;
INSERT INTO public.asset (id, asset_name, ownership, asset_type, asset_alias, market_name, market_area, tenants, address, created_at) VALUES (273, 'Circle T Barn', 'Hillwood', 'Other', 'CTB', 'AllianceTexas', 'Circle T Ranch', NULL, '2451 Westlake Parkway, Westlake, Texas 76262', '2026-05-20 08:51:27.713-05') ON CONFLICT (id) DO UPDATE SET asset_name = EXCLUDED.asset_name, ownership = EXCLUDED.ownership, asset_type = EXCLUDED.asset_type, asset_alias = EXCLUDED.asset_alias, market_name = EXCLUDED.market_name, market_area = EXCLUDED.market_area, tenants = EXCLUDED.tenants, address = EXCLUDED.address, created_at = EXCLUDED.created_at;
INSERT INTO public.asset (id, asset_name, ownership, asset_type, asset_alias, market_name, market_area, tenants, address, created_at) VALUES (178, 'Alliance Gateway 25', 'Hillwood', 'Industrial', 'GW25', 'AllianceTexas', 'Gateway South', 'CEVA Logistics', '4500 Liberty Way, Fort Worth, Texas 76177', '2026-05-20 08:51:27.713258-05') ON CONFLICT (id) DO UPDATE SET asset_name = EXCLUDED.asset_name, ownership = EXCLUDED.ownership, asset_type = EXCLUDED.asset_type, asset_alias = EXCLUDED.asset_alias, market_name = EXCLUDED.market_name, market_area = EXCLUDED.market_area, tenants = EXCLUDED.tenants, address = EXCLUDED.address, created_at = EXCLUDED.created_at;
INSERT INTO public.asset (id, asset_name, ownership, asset_type, asset_alias, market_name, market_area, tenants, address, created_at) VALUES (180, 'Alliance Gateway 57', 'Hillwood', 'Industrial', 'GW57', 'AllianceTexas', 'Gateway North', 'Carolina Beverage Group, LLC;Cummins Clean Fuel', '1051 Republic Drive, Roanoke, Texas 76262', '2026-05-20 08:51:27.713258-05') ON CONFLICT (id) DO UPDATE SET asset_name = EXCLUDED.asset_name, ownership = EXCLUDED.ownership, asset_type = EXCLUDED.asset_type, asset_alias = EXCLUDED.asset_alias, market_name = EXCLUDED.market_name, market_area = EXCLUDED.market_area, tenants = EXCLUDED.tenants, address = EXCLUDED.address, created_at = EXCLUDED.created_at;
INSERT INTO public.asset (id, asset_name, ownership, asset_type, asset_alias, market_name, market_area, tenants, address, created_at) VALUES (181, 'Alliance Gateway 63 Parking', 'Hillwood', 'Parking', 'GW63', 'AllianceTexas', 'Gateway North', 'Martin-Brower Company, LLC', '501 Patriot Parkway, Roanoke, Texas 76262', '2026-05-20 08:51:27.713258-05') ON CONFLICT (id) DO UPDATE SET asset_name = EXCLUDED.asset_name, ownership = EXCLUDED.ownership, asset_type = EXCLUDED.asset_type, asset_alias = EXCLUDED.asset_alias, market_name = EXCLUDED.market_name, market_area = EXCLUDED.market_area, tenants = EXCLUDED.tenants, address = EXCLUDED.address, created_at = EXCLUDED.created_at;
INSERT INTO public.asset (id, asset_name, ownership, asset_type, asset_alias, market_name, market_area, tenants, address, created_at) VALUES (184, 'Alliance Gateway 88', 'Hillwood', 'Industrial', 'GW88', 'AllianceTexas', 'Gateway North', 'Heritage Bag Company', '501 Gateway Parkway, Roanoke, Texas 76262', '2026-05-20 08:51:27.713258-05') ON CONFLICT (id) DO UPDATE SET asset_name = EXCLUDED.asset_name, ownership = EXCLUDED.ownership, asset_type = EXCLUDED.asset_type, asset_alias = EXCLUDED.asset_alias, market_name = EXCLUDED.market_name, market_area = EXCLUDED.market_area, tenants = EXCLUDED.tenants, address = EXCLUDED.address, created_at = EXCLUDED.created_at;
INSERT INTO public.asset (id, asset_name, ownership, asset_type, asset_alias, market_name, market_area, tenants, address, created_at) VALUES (185, 'Alliance Town Center', 'Hillwood', 'Retail', 'ATC', 'AllianceTexas', 'ATC South', NULL, '3108 Texas Sage Trail, Fort Worth, Texas 76177', '2026-05-20 08:51:27.713258-05') ON CONFLICT (id) DO UPDATE SET asset_name = EXCLUDED.asset_name, ownership = EXCLUDED.ownership, asset_type = EXCLUDED.asset_type, asset_alias = EXCLUDED.asset_alias, market_name = EXCLUDED.market_name, market_area = EXCLUDED.market_area, tenants = EXCLUDED.tenants, address = EXCLUDED.address, created_at = EXCLUDED.created_at;
INSERT INTO public.asset (id, asset_name, ownership, asset_type, asset_alias, market_name, market_area, tenants, address, created_at) VALUES (186, 'Alliance Westport 11', 'Hillwood', 'Industrial', 'WP11', 'AllianceTexas', 'Westport', 'Walmart', '14700 Blue Mound Road, Haslet, Texas 76052', '2026-05-20 08:51:27.713258-05') ON CONFLICT (id) DO UPDATE SET asset_name = EXCLUDED.asset_name, ownership = EXCLUDED.ownership, asset_type = EXCLUDED.asset_type, asset_alias = EXCLUDED.asset_alias, market_name = EXCLUDED.market_name, market_area = EXCLUDED.market_area, tenants = EXCLUDED.tenants, address = EXCLUDED.address, created_at = EXCLUDED.created_at;
INSERT INTO public.asset (id, asset_name, ownership, asset_type, asset_alias, market_name, market_area, tenants, address, created_at) VALUES (188, 'Alliance Westport 15', 'Hillwood', 'Industrial', 'WP15', 'AllianceTexas', 'Westport', NULL, '1401 Intermodal Parkway, Fort Worth, Texas 76052', '2026-05-20 08:51:27.713258-05') ON CONFLICT (id) DO UPDATE SET asset_name = EXCLUDED.asset_name, ownership = EXCLUDED.ownership, asset_type = EXCLUDED.asset_type, asset_alias = EXCLUDED.asset_alias, market_name = EXCLUDED.market_name, market_area = EXCLUDED.market_area, tenants = EXCLUDED.tenants, address = EXCLUDED.address, created_at = EXCLUDED.created_at;
INSERT INTO public.asset (id, asset_name, ownership, asset_type, asset_alias, market_name, market_area, tenants, address, created_at) VALUES (190, 'Alliance Westport 24', 'Hillwood', 'Industrial', 'WP24', 'AllianceTexas', 'Westport', 'Stellar Energy', '15060 Blue Mound Road, Fort Worth, Texas 76177', '2026-05-20 08:51:27.713258-05') ON CONFLICT (id) DO UPDATE SET asset_name = EXCLUDED.asset_name, ownership = EXCLUDED.ownership, asset_type = EXCLUDED.asset_type, asset_alias = EXCLUDED.asset_alias, market_name = EXCLUDED.market_name, market_area = EXCLUDED.market_area, tenants = EXCLUDED.tenants, address = EXCLUDED.address, created_at = EXCLUDED.created_at;
INSERT INTO public.asset (id, asset_name, ownership, asset_type, asset_alias, market_name, market_area, tenants, address, created_at) VALUES (191, 'Alliance Westport 25', 'Hillwood', 'Industrial', 'WP25', 'AllianceTexas', 'Westport', 'Southwire Company, LLC', '33.0010176938229 -97.3379401275164', '2026-05-20 08:51:27.713258-05') ON CONFLICT (id) DO UPDATE SET asset_name = EXCLUDED.asset_name, ownership = EXCLUDED.ownership, asset_type = EXCLUDED.asset_type, asset_alias = EXCLUDED.asset_alias, market_name = EXCLUDED.market_name, market_area = EXCLUDED.market_area, tenants = EXCLUDED.tenants, address = EXCLUDED.address, created_at = EXCLUDED.created_at;
INSERT INTO public.asset (id, asset_name, ownership, asset_type, asset_alias, market_name, market_area, tenants, address, created_at) VALUES (193, 'ATCN Retail 1 (Chi/Pei Wei)', 'Hillwood', 'Retail', 'Chi/Pei', 'AllianceTexas', 'ATC North', 'Chipotle Mexican Grill Inc;Pei Wei Asian Diner', '2901 Heritage Trace Parkway, Fort Worth, Texas 76177', '2026-05-20 08:51:27.713258-05') ON CONFLICT (id) DO UPDATE SET asset_name = EXCLUDED.asset_name, ownership = EXCLUDED.ownership, asset_type = EXCLUDED.asset_type, asset_alias = EXCLUDED.asset_alias, market_name = EXCLUDED.market_name, market_area = EXCLUDED.market_area, tenants = EXCLUDED.tenants, address = EXCLUDED.address, created_at = EXCLUDED.created_at;
INSERT INTO public.asset (id, asset_name, ownership, asset_type, asset_alias, market_name, market_area, tenants, address, created_at) VALUES (194, 'ATCN Retail No. 2 - Parkside', 'Hillwood', 'Retail', 'Parkside', 'AllianceTexas', 'ATC North', 'First Watch Restaurants, Inc.;Hopdoddy Burger Bar;MOD Super Fast Pizza, LLC;Shack Enterprises, Inc.', '3101 Heritage Trace Parkway, Fort Worth, Texas 76177', '2026-05-20 08:51:27.713258-05') ON CONFLICT (id) DO UPDATE SET asset_name = EXCLUDED.asset_name, ownership = EXCLUDED.ownership, asset_type = EXCLUDED.asset_type, asset_alias = EXCLUDED.asset_alias, market_name = EXCLUDED.market_name, market_area = EXCLUDED.market_area, tenants = EXCLUDED.tenants, address = EXCLUDED.address, created_at = EXCLUDED.created_at;
INSERT INTO public.asset (id, asset_name, ownership, asset_type, asset_alias, market_name, market_area, tenants, address, created_at) VALUES (195, 'Bank of America Harvest Ground Lease', 'Hillwood', 'Ground Lease', 'Harvest GL', 'Harvest', 'Harvest', 'Bank of America', '1226 Fm 407, Argyle, Texas 76226', '2026-05-20 08:51:27.713258-05') ON CONFLICT (id) DO UPDATE SET asset_name = EXCLUDED.asset_name, ownership = EXCLUDED.ownership, asset_type = EXCLUDED.asset_type, asset_alias = EXCLUDED.asset_alias, market_name = EXCLUDED.market_name, market_area = EXCLUDED.market_area, tenants = EXCLUDED.tenants, address = EXCLUDED.address, created_at = EXCLUDED.created_at;
INSERT INTO public.asset (id, asset_name, ownership, asset_type, asset_alias, market_name, market_area, tenants, address, created_at) VALUES (196, 'Bluestem Village', 'Hillwood', 'Multifamily', 'Bluestem', 'AllianceTexas', 'ATC North', NULL, '10401 N Riverside Dr, Fort Worth, Texas 76177', '2026-05-20 08:51:27.713258-05') ON CONFLICT (id) DO UPDATE SET asset_name = EXCLUDED.asset_name, ownership = EXCLUDED.ownership, asset_type = EXCLUDED.asset_type, asset_alias = EXCLUDED.asset_alias, market_name = EXCLUDED.market_name, market_area = EXCLUDED.market_area, tenants = EXCLUDED.tenants, address = EXCLUDED.address, created_at = EXCLUDED.created_at;
INSERT INTO public.asset (id, asset_name, ownership, asset_type, asset_alias, market_name, market_area, tenants, address, created_at) VALUES (198, 'Caterpillar Ground Lease', 'Hillwood', 'Ground Lease', 'AC2', 'AllianceTexas', 'Alliance Center', 'Caterpillar, Inc.', '13501 Heritage Parkway, Fort Worth, Texas 76177', '2026-05-20 08:51:27.713258-05') ON CONFLICT (id) DO UPDATE SET asset_name = EXCLUDED.asset_name, ownership = EXCLUDED.ownership, asset_type = EXCLUDED.asset_type, asset_alias = EXCLUDED.asset_alias, market_name = EXCLUDED.market_name, market_area = EXCLUDED.market_area, tenants = EXCLUDED.tenants, address = EXCLUDED.address, created_at = EXCLUDED.created_at;
INSERT INTO public.asset (id, asset_name, ownership, asset_type, asset_alias, market_name, market_area, tenants, address, created_at) VALUES (199, 'Chuy''s ATC Ground Lease', 'Hillwood', 'Ground Lease', 'GL ATC No.4 ', 'AllianceTexas', 'ATC North', 'Chuys Opco, Inc', '9700 North Freeway, Fort Worth, Texas 76137', '2026-05-20 08:51:27.713258-05') ON CONFLICT (id) DO UPDATE SET asset_name = EXCLUDED.asset_name, ownership = EXCLUDED.ownership, asset_type = EXCLUDED.asset_type, asset_alias = EXCLUDED.asset_alias, market_name = EXCLUDED.market_name, market_area = EXCLUDED.market_area, tenants = EXCLUDED.tenants, address = EXCLUDED.address, created_at = EXCLUDED.created_at;
INSERT INTO public.asset (id, asset_name, ownership, asset_type, asset_alias, market_name, market_area, tenants, address, created_at) VALUES (200, 'Chuy''s Harvest Ground Lease', 'Hillwood', 'Ground Lease', 'Chuy''s GL', 'Harvest', 'Harvest', 'Chuys Opco, Inc', '1226 Fm 407, Argyle, Texas 76226', '2026-05-20 08:51:27.713258-05') ON CONFLICT (id) DO UPDATE SET asset_name = EXCLUDED.asset_name, ownership = EXCLUDED.ownership, asset_type = EXCLUDED.asset_type, asset_alias = EXCLUDED.asset_alias, market_name = EXCLUDED.market_name, market_area = EXCLUDED.market_area, tenants = EXCLUDED.tenants, address = EXCLUDED.address, created_at = EXCLUDED.created_at;
INSERT INTO public.asset (id, asset_name, ownership, asset_type, asset_alias, market_name, market_area, tenants, address, created_at) VALUES (201, 'Corporate Line of Credit', 'Hillwood', 'Other', 'LOC', NULL, NULL, NULL, NULL, '2026-05-20 08:51:27.713258-05') ON CONFLICT (id) DO UPDATE SET asset_name = EXCLUDED.asset_name, ownership = EXCLUDED.ownership, asset_type = EXCLUDED.asset_type, asset_alias = EXCLUDED.asset_alias, market_name = EXCLUDED.market_name, market_area = EXCLUDED.market_area, tenants = EXCLUDED.tenants, address = EXCLUDED.address, created_at = EXCLUDED.created_at;
INSERT INTO public.asset (id, asset_name, ownership, asset_type, asset_alias, market_name, market_area, tenants, address, created_at) VALUES (202, 'Courtyard Marriott Alliance', 'Hillwood', 'Hotel', 'Courtyard', 'AllianceTexas', 'ATC North', NULL, '3001 Amador Drive, Fort Worth, Texas 76177', '2026-05-20 08:51:27.713258-05') ON CONFLICT (id) DO UPDATE SET asset_name = EXCLUDED.asset_name, ownership = EXCLUDED.ownership, asset_type = EXCLUDED.asset_type, asset_alias = EXCLUDED.asset_alias, market_name = EXCLUDED.market_name, market_area = EXCLUDED.market_area, tenants = EXCLUDED.tenants, address = EXCLUDED.address, created_at = EXCLUDED.created_at;
INSERT INTO public.asset (id, asset_name, ownership, asset_type, asset_alias, market_name, market_area, tenants, address, created_at) VALUES (203, 'Embraer Ground Lease', 'Hillwood', 'Ground Lease', 'AC16', 'AllianceTexas', 'Alliance Center East', 'Embraer Aircraft Maintenance Services', '2040 Eagle Parkway, Fort Worth, Texas 76177', '2026-05-20 08:51:27.713258-05') ON CONFLICT (id) DO UPDATE SET asset_name = EXCLUDED.asset_name, ownership = EXCLUDED.ownership, asset_type = EXCLUDED.asset_type, asset_alias = EXCLUDED.asset_alias, market_name = EXCLUDED.market_name, market_area = EXCLUDED.market_area, tenants = EXCLUDED.tenants, address = EXCLUDED.address, created_at = EXCLUDED.created_at;
INSERT INTO public.asset (id, asset_name, ownership, asset_type, asset_alias, market_name, market_area, tenants, address, created_at) VALUES (204, 'Firebirds Ground Lease', 'Hillwood', 'Ground Lease', 'GL ATC No.6', 'AllianceTexas', 'ATC North', 'Firebirds Wood Fired Grill', '2900 Amador Drive, Fort Worth, Texas 76177', '2026-05-20 08:51:27.713258-05') ON CONFLICT (id) DO UPDATE SET asset_name = EXCLUDED.asset_name, ownership = EXCLUDED.ownership, asset_type = EXCLUDED.asset_type, asset_alias = EXCLUDED.asset_alias, market_name = EXCLUDED.market_name, market_area = EXCLUDED.market_area, tenants = EXCLUDED.tenants, address = EXCLUDED.address, created_at = EXCLUDED.created_at;
INSERT INTO public.asset (id, asset_name, ownership, asset_type, asset_alias, market_name, market_area, tenants, address, created_at) VALUES (206, 'Freeport Business Center I', 'Hillwood', 'Office', 'Freeport 1', 'Irving', 'Irving', 'Boeing Distribution Services, LLC;Rushmore Loan Management Services;Yardi Systems, Inc.', '8616 Freeport Parkway, Irving, Texas 75063', '2026-05-20 08:51:27.713258-05') ON CONFLICT (id) DO UPDATE SET asset_name = EXCLUDED.asset_name, ownership = EXCLUDED.ownership, asset_type = EXCLUDED.asset_type, asset_alias = EXCLUDED.asset_alias, market_name = EXCLUDED.market_name, market_area = EXCLUDED.market_area, tenants = EXCLUDED.tenants, address = EXCLUDED.address, created_at = EXCLUDED.created_at;
INSERT INTO public.asset (id, asset_name, ownership, asset_type, asset_alias, market_name, market_area, tenants, address, created_at) VALUES (207, 'Freeport Business Center II', 'Hillwood', 'Office', 'Freeport 2', 'Irving', 'Irving', 'Northrop Grumman Corporation', '8710 Freeport Parkway, Irving, Texas 75063', '2026-05-20 08:51:27.713258-05') ON CONFLICT (id) DO UPDATE SET asset_name = EXCLUDED.asset_name, ownership = EXCLUDED.ownership, asset_type = EXCLUDED.asset_type, asset_alias = EXCLUDED.asset_alias, market_name = EXCLUDED.market_name, market_area = EXCLUDED.market_area, tenants = EXCLUDED.tenants, address = EXCLUDED.address, created_at = EXCLUDED.created_at;
INSERT INTO public.asset (id, asset_name, ownership, asset_type, asset_alias, market_name, market_area, tenants, address, created_at) VALUES (209, 'Frisco Station Infrastructure', 'Hillwood', 'Other', NULL, NULL, NULL, NULL, NULL, '2026-05-20 08:51:27.713258-05') ON CONFLICT (id) DO UPDATE SET asset_name = EXCLUDED.asset_name, ownership = EXCLUDED.ownership, asset_type = EXCLUDED.asset_type, asset_alias = EXCLUDED.asset_alias, market_name = EXCLUDED.market_name, market_area = EXCLUDED.market_area, tenants = EXCLUDED.tenants, address = EXCLUDED.address, created_at = EXCLUDED.created_at;
INSERT INTO public.asset (id, asset_name, ownership, asset_type, asset_alias, market_name, market_area, tenants, address, created_at) VALUES (211, 'Gateway Logistics', 'Hillwood', 'Other', 'Torc', 'AllianceTexas', 'Alliance Center', 'Torc Robotics, Inc.', '13119 Old Denton Road, Fort Worth, Texas 76177', '2026-05-20 08:51:27.713258-05') ON CONFLICT (id) DO UPDATE SET asset_name = EXCLUDED.asset_name, ownership = EXCLUDED.ownership, asset_type = EXCLUDED.asset_type, asset_alias = EXCLUDED.asset_alias, market_name = EXCLUDED.market_name, market_area = EXCLUDED.market_area, tenants = EXCLUDED.tenants, address = EXCLUDED.address, created_at = EXCLUDED.created_at;
INSERT INTO public.asset (id, asset_name, ownership, asset_type, asset_alias, market_name, market_area, tenants, address, created_at) VALUES (212, 'Gulfstream Ground Lease', 'Hillwood', 'Ground Lease', 'ACGA21', 'AllianceTexas', 'Alliance Center', 'Gulfstream Aerospace Corp.', '14601 Heritage Parkway, Fort Worth, Texas 76177', '2026-05-20 08:51:27.713258-05') ON CONFLICT (id) DO UPDATE SET asset_name = EXCLUDED.asset_name, ownership = EXCLUDED.ownership, asset_type = EXCLUDED.asset_type, asset_alias = EXCLUDED.asset_alias, market_name = EXCLUDED.market_name, market_area = EXCLUDED.market_area, tenants = EXCLUDED.tenants, address = EXCLUDED.address, created_at = EXCLUDED.created_at;
INSERT INTO public.asset (id, asset_name, ownership, asset_type, asset_alias, market_name, market_area, tenants, address, created_at) VALUES (213, 'Hangar 7', 'Hillwood', 'Aviation', 'Hangar 7', 'AllianceTexas', 'Alliance Center', NULL, '1401 Intermodal Parkway, Fort Worth, Texas 76052', '2026-05-20 08:51:27.713258-05') ON CONFLICT (id) DO UPDATE SET asset_name = EXCLUDED.asset_name, ownership = EXCLUDED.ownership, asset_type = EXCLUDED.asset_type, asset_alias = EXCLUDED.asset_alias, market_name = EXCLUDED.market_name, market_area = EXCLUDED.market_area, tenants = EXCLUDED.tenants, address = EXCLUDED.address, created_at = EXCLUDED.created_at;
INSERT INTO public.asset (id, asset_name, ownership, asset_type, asset_alias, market_name, market_area, tenants, address, created_at) VALUES (214, 'Harvest House', 'Hillwood', 'Multifamily', 'Harvest House', 'Harvest', NULL, NULL, '200 Harvest Way, Argyle, Texas 76226', '2026-05-20 08:51:27.713258-05') ON CONFLICT (id) DO UPDATE SET asset_name = EXCLUDED.asset_name, ownership = EXCLUDED.ownership, asset_type = EXCLUDED.asset_type, asset_alias = EXCLUDED.asset_alias, market_name = EXCLUDED.market_name, market_area = EXCLUDED.market_area, tenants = EXCLUDED.tenants, address = EXCLUDED.address, created_at = EXCLUDED.created_at;
INSERT INTO public.asset (id, asset_name, ownership, asset_type, asset_alias, market_name, market_area, tenants, address, created_at) VALUES (274, 'Circle T Houses', 'Hillwood', 'Other', 'CTH', 'AllianceTexas', 'Circle T Ranch', NULL, '2451 Westlake Parkway, Westlake, Texas 76262', '2026-05-20 08:51:27.713-05') ON CONFLICT (id) DO UPDATE SET asset_name = EXCLUDED.asset_name, ownership = EXCLUDED.ownership, asset_type = EXCLUDED.asset_type, asset_alias = EXCLUDED.asset_alias, market_name = EXCLUDED.market_name, market_area = EXCLUDED.market_area, tenants = EXCLUDED.tenants, address = EXCLUDED.address, created_at = EXCLUDED.created_at;
INSERT INTO public.asset (id, asset_name, ownership, asset_type, asset_alias, market_name, market_area, tenants, address, created_at) VALUES (275, 'CJ76', 'Hillwood', 'Other', 'CJ76', 'Fort Worth', NULL, NULL, '300 East 6th Street, Fort Worth, Texas 76102', '2026-05-20 08:51:27.713-05') ON CONFLICT (id) DO UPDATE SET asset_name = EXCLUDED.asset_name, ownership = EXCLUDED.ownership, asset_type = EXCLUDED.asset_type, asset_alias = EXCLUDED.asset_alias, market_name = EXCLUDED.market_name, market_area = EXCLUDED.market_area, tenants = EXCLUDED.tenants, address = EXCLUDED.address, created_at = EXCLUDED.created_at;
INSERT INTO public.asset (id, asset_name, ownership, asset_type, asset_alias, market_name, market_area, tenants, address, created_at) VALUES (177, 'Alliance Gateway 24', 'Hillwood', 'Industrial', 'GW24', 'AllianceTexas', 'Gateway South', 'Penske Logistics;Winner, LLC', '724 Henrietta Creek Road, Roanoke, Texas 76262', '2026-05-20 08:51:27.713258-05') ON CONFLICT (id) DO UPDATE SET asset_name = EXCLUDED.asset_name, ownership = EXCLUDED.ownership, asset_type = EXCLUDED.asset_type, asset_alias = EXCLUDED.asset_alias, market_name = EXCLUDED.market_name, market_area = EXCLUDED.market_area, tenants = EXCLUDED.tenants, address = EXCLUDED.address, created_at = EXCLUDED.created_at;
INSERT INTO public.asset (id, asset_name, ownership, asset_type, asset_alias, market_name, market_area, tenants, address, created_at) VALUES (179, 'Alliance Gateway 34', 'Hillwood', 'Industrial', 'GW34', 'AllianceTexas', 'Gateway South', 'Mach Industries', '5000 Westport Parkway, Fort Worth, Texas 76177', '2026-05-20 08:51:27.713258-05') ON CONFLICT (id) DO UPDATE SET asset_name = EXCLUDED.asset_name, ownership = EXCLUDED.ownership, asset_type = EXCLUDED.asset_type, asset_alias = EXCLUDED.asset_alias, market_name = EXCLUDED.market_name, market_area = EXCLUDED.market_area, tenants = EXCLUDED.tenants, address = EXCLUDED.address, created_at = EXCLUDED.created_at;
INSERT INTO public.asset (id, asset_name, ownership, asset_type, asset_alias, market_name, market_area, tenants, address, created_at) VALUES (217, 'Hillwood Commons II', 'Hillwood', 'Office', 'HWC2', 'AllianceTexas', 'ATC North', 'ABI Commercial, L.P.;Amentum Services, Inc.;Burgess & Niple;CornerStone Staffing;Highland Homes;LJA Engineering;Lucid Private Offices - Alliance - Company, LLC', '9900 Hillwood Parkway, Fort Worth, Texas 76177', '2026-05-20 08:51:27.713258-05') ON CONFLICT (id) DO UPDATE SET asset_name = EXCLUDED.asset_name, ownership = EXCLUDED.ownership, asset_type = EXCLUDED.asset_type, asset_alias = EXCLUDED.asset_alias, market_name = EXCLUDED.market_name, market_area = EXCLUDED.market_area, tenants = EXCLUDED.tenants, address = EXCLUDED.address, created_at = EXCLUDED.created_at;
INSERT INTO public.asset (id, asset_name, ownership, asset_type, asset_alias, market_name, market_area, tenants, address, created_at) VALUES (218, 'HWCC No. 2 (Corral City Retail)', 'Hillwood', 'Retail', 'Corral City', 'AllianceTexas', 'Corral City', 'LiquorLand Investments', '1213 Fm 407, Argyle, Texas 76226', '2026-05-20 08:51:27.713258-05') ON CONFLICT (id) DO UPDATE SET asset_name = EXCLUDED.asset_name, ownership = EXCLUDED.ownership, asset_type = EXCLUDED.asset_type, asset_alias = EXCLUDED.asset_alias, market_name = EXCLUDED.market_name, market_area = EXCLUDED.market_area, tenants = EXCLUDED.tenants, address = EXCLUDED.address, created_at = EXCLUDED.created_at;
INSERT INTO public.asset (id, asset_name, ownership, asset_type, asset_alias, market_name, market_area, tenants, address, created_at) VALUES (219, 'HWCC No. 3 (Corral City RV Park)', 'Hillwood', 'Parking', 'Corral City', 'AllianceTexas', 'Corral City', NULL, '14007 Corral City Drive, Argyle, Texas 76226', '2026-05-20 08:51:27.713258-05') ON CONFLICT (id) DO UPDATE SET asset_name = EXCLUDED.asset_name, ownership = EXCLUDED.ownership, asset_type = EXCLUDED.asset_type, asset_alias = EXCLUDED.asset_alias, market_name = EXCLUDED.market_name, market_area = EXCLUDED.market_area, tenants = EXCLUDED.tenants, address = EXCLUDED.address, created_at = EXCLUDED.created_at;
INSERT INTO public.asset (id, asset_name, ownership, asset_type, asset_alias, market_name, market_area, tenants, address, created_at) VALUES (220, 'Northlake Corners', 'Hillwood', 'Other', '1171/35W', 'AllianceTexas', NULL, NULL, NULL, '2026-05-20 08:51:27.713258-05') ON CONFLICT (id) DO UPDATE SET asset_name = EXCLUDED.asset_name, ownership = EXCLUDED.ownership, asset_type = EXCLUDED.asset_type, asset_alias = EXCLUDED.asset_alias, market_name = EXCLUDED.market_name, market_area = EXCLUDED.market_area, tenants = EXCLUDED.tenants, address = EXCLUDED.address, created_at = EXCLUDED.created_at;
INSERT INTO public.asset (id, asset_name, ownership, asset_type, asset_alias, market_name, market_area, tenants, address, created_at) VALUES (221, 'Offices 3 at Frisco Station', 'Hillwood', 'Other', NULL, NULL, NULL, NULL, NULL, '2026-05-20 08:51:27.713258-05') ON CONFLICT (id) DO UPDATE SET asset_name = EXCLUDED.asset_name, ownership = EXCLUDED.ownership, asset_type = EXCLUDED.asset_type, asset_alias = EXCLUDED.asset_alias, market_name = EXCLUDED.market_name, market_area = EXCLUDED.market_area, tenants = EXCLUDED.tenants, address = EXCLUDED.address, created_at = EXCLUDED.created_at;
INSERT INTO public.asset (id, asset_name, ownership, asset_type, asset_alias, market_name, market_area, tenants, address, created_at) VALUES (222, 'Paloma Village', 'Hillwood', 'Multifamily', 'Paloma', 'AllianceTexas', 'ATC South', NULL, '9100 Feather Grass Lane, Fort Worth, Texas 76177', '2026-05-20 08:51:27.713258-05') ON CONFLICT (id) DO UPDATE SET asset_name = EXCLUDED.asset_name, ownership = EXCLUDED.ownership, asset_type = EXCLUDED.asset_type, asset_alias = EXCLUDED.asset_alias, market_name = EXCLUDED.market_name, market_area = EXCLUDED.market_area, tenants = EXCLUDED.tenants, address = EXCLUDED.address, created_at = EXCLUDED.created_at;
INSERT INTO public.asset (id, asset_name, ownership, asset_type, asset_alias, market_name, market_area, tenants, address, created_at) VALUES (223, 'PF Chang''s Ground Lease', 'Hillwood', 'Ground Lease', 'GL ATC No.3', 'AllianceTexas', 'ATC North', 'PF Chang''s', '2949 Amador Drive, Fort Worth, Texas 76177', '2026-05-20 08:51:27.713258-05') ON CONFLICT (id) DO UPDATE SET asset_name = EXCLUDED.asset_name, ownership = EXCLUDED.ownership, asset_type = EXCLUDED.asset_type, asset_alias = EXCLUDED.asset_alias, market_name = EXCLUDED.market_name, market_area = EXCLUDED.market_area, tenants = EXCLUDED.tenants, address = EXCLUDED.address, created_at = EXCLUDED.created_at;
INSERT INTO public.asset (id, asset_name, ownership, asset_type, asset_alias, market_name, market_area, tenants, address, created_at) VALUES (225, 'SageStone Village', 'Hillwood', 'Multifamily', 'SageStone', 'AllianceTexas', 'ATC South', NULL, '3255 Sagestone Drive, Fort Worth, Texas 76177', '2026-05-20 08:51:27.713258-05') ON CONFLICT (id) DO UPDATE SET asset_name = EXCLUDED.asset_name, ownership = EXCLUDED.ownership, asset_type = EXCLUDED.asset_type, asset_alias = EXCLUDED.asset_alias, market_name = EXCLUDED.market_name, market_area = EXCLUDED.market_area, tenants = EXCLUDED.tenants, address = EXCLUDED.address, created_at = EXCLUDED.created_at;
INSERT INTO public.asset (id, asset_name, ownership, asset_type, asset_alias, market_name, market_area, tenants, address, created_at) VALUES (226, 'SageWater Village', 'Hillwood', 'Multifamily', 'SageWater', 'AllianceTexas', 'ATC South', NULL, '9340 Feather Grass Lane, Fort Worth, Texas 76177', '2026-05-20 08:51:27.713258-05') ON CONFLICT (id) DO UPDATE SET asset_name = EXCLUDED.asset_name, ownership = EXCLUDED.ownership, asset_type = EXCLUDED.asset_type, asset_alias = EXCLUDED.asset_alias, market_name = EXCLUDED.market_name, market_area = EXCLUDED.market_area, tenants = EXCLUDED.tenants, address = EXCLUDED.address, created_at = EXCLUDED.created_at;
INSERT INTO public.asset (id, asset_name, ownership, asset_type, asset_alias, market_name, market_area, tenants, address, created_at) VALUES (227, 'SageWood Village', 'Hillwood', 'Multifamily', 'SageWood', 'AllianceTexas', 'ATC South', NULL, '9100 General Worth Drive, Fort Worth, Texas 76177', '2026-05-20 08:51:27.713258-05') ON CONFLICT (id) DO UPDATE SET asset_name = EXCLUDED.asset_name, ownership = EXCLUDED.ownership, asset_type = EXCLUDED.asset_type, asset_alias = EXCLUDED.asset_alias, market_name = EXCLUDED.market_name, market_area = EXCLUDED.market_area, tenants = EXCLUDED.tenants, address = EXCLUDED.address, created_at = EXCLUDED.created_at;
INSERT INTO public.asset (id, asset_name, ownership, asset_type, asset_alias, market_name, market_area, tenants, address, created_at) VALUES (228, 'Tallgrass Village', 'Hillwood', 'Multifamily', 'Tallgrass', 'AllianceTexas', 'ATC North', NULL, '3350 Amador Drive, Fort Worth, Texas 76177', '2026-05-20 08:51:27.713258-05') ON CONFLICT (id) DO UPDATE SET asset_name = EXCLUDED.asset_name, ownership = EXCLUDED.ownership, asset_type = EXCLUDED.asset_type, asset_alias = EXCLUDED.asset_alias, market_name = EXCLUDED.market_name, market_area = EXCLUDED.market_area, tenants = EXCLUDED.tenants, address = EXCLUDED.address, created_at = EXCLUDED.created_at;
INSERT INTO public.asset (id, asset_name, ownership, asset_type, asset_alias, market_name, market_area, tenants, address, created_at) VALUES (230, 'The Reverie', 'Hillwood', 'Multifamily', 'ATCS5', 'AllianceTexas', 'ATC South', NULL, '8499 North Riverside Drive, Fort Worth, Texas 76177', '2026-05-20 08:51:27.713258-05') ON CONFLICT (id) DO UPDATE SET asset_name = EXCLUDED.asset_name, ownership = EXCLUDED.ownership, asset_type = EXCLUDED.asset_type, asset_alias = EXCLUDED.asset_alias, market_name = EXCLUDED.market_name, market_area = EXCLUDED.market_area, tenants = EXCLUDED.tenants, address = EXCLUDED.address, created_at = EXCLUDED.created_at;
INSERT INTO public.asset (id, asset_name, ownership, asset_type, asset_alias, market_name, market_area, tenants, address, created_at) VALUES (231, 'Trinity at Pomona', 'Hillwood', 'Multifamily', 'Pomona', 'Houston', NULL, NULL, '4714 Orchard Creek Lane, Manvel, Texas 77578', '2026-05-20 08:51:27.713258-05') ON CONFLICT (id) DO UPDATE SET asset_name = EXCLUDED.asset_name, ownership = EXCLUDED.ownership, asset_type = EXCLUDED.asset_type, asset_alias = EXCLUDED.asset_alias, market_name = EXCLUDED.market_name, market_area = EXCLUDED.market_area, tenants = EXCLUDED.tenants, address = EXCLUDED.address, created_at = EXCLUDED.created_at;
INSERT INTO public.asset (id, asset_name, ownership, asset_type, asset_alias, market_name, market_area, tenants, address, created_at) VALUES (232, 'Truck Yard Ground Lease', 'Hillwood', 'Ground Lease', 'TY', 'AllianceTexas', 'ATC South', 'Truck Yard', '3101 Prairie Vista Drive, Fort Worth, Texas 76177', '2026-05-20 08:51:27.713258-05') ON CONFLICT (id) DO UPDATE SET asset_name = EXCLUDED.asset_name, ownership = EXCLUDED.ownership, asset_type = EXCLUDED.asset_type, asset_alias = EXCLUDED.asset_alias, market_name = EXCLUDED.market_name, market_area = EXCLUDED.market_area, tenants = EXCLUDED.tenants, address = EXCLUDED.address, created_at = EXCLUDED.created_at;
INSERT INTO public.asset (id, asset_name, ownership, asset_type, asset_alias, market_name, market_area, tenants, address, created_at) VALUES (233, 'Union House', 'Hillwood', 'Multifamily', 'Union House', 'Little Elm', 'Little Elm', NULL, '4177 Gazebo Street, Little Elm, Texas 76227', '2026-05-20 08:51:27.713258-05') ON CONFLICT (id) DO UPDATE SET asset_name = EXCLUDED.asset_name, ownership = EXCLUDED.ownership, asset_type = EXCLUDED.asset_type, asset_alias = EXCLUDED.asset_alias, market_name = EXCLUDED.market_name, market_area = EXCLUDED.market_area, tenants = EXCLUDED.tenants, address = EXCLUDED.address, created_at = EXCLUDED.created_at;
INSERT INTO public.asset (id, asset_name, ownership, asset_type, asset_alias, market_name, market_area, tenants, address, created_at) VALUES (234, 'Westport 27 Parking Lot', 'Hillwood', 'Parking', 'WP27', 'AllianceTexas', 'Westport', 'Heritage Fleet Parking', '1198 Intermodal Parkway, Fort Worth, Texas 76052', '2026-05-20 08:51:27.713258-05') ON CONFLICT (id) DO UPDATE SET asset_name = EXCLUDED.asset_name, ownership = EXCLUDED.ownership, asset_type = EXCLUDED.asset_type, asset_alias = EXCLUDED.asset_alias, market_name = EXCLUDED.market_name, market_area = EXCLUDED.market_area, tenants = EXCLUDED.tenants, address = EXCLUDED.address, created_at = EXCLUDED.created_at;
INSERT INTO public.asset (id, asset_name, ownership, asset_type, asset_alias, market_name, market_area, tenants, address, created_at) VALUES (235, 'Westport Container Depot', 'Hillwood', 'Other', 'Westport 31', 'AllianceTexas', 'Westport', NULL, NULL, '2026-05-20 08:51:27.713258-05') ON CONFLICT (id) DO UPDATE SET asset_name = EXCLUDED.asset_name, ownership = EXCLUDED.ownership, asset_type = EXCLUDED.asset_type, asset_alias = EXCLUDED.asset_alias, market_name = EXCLUDED.market_name, market_area = EXCLUDED.market_area, tenants = EXCLUDED.tenants, address = EXCLUDED.address, created_at = EXCLUDED.created_at;
INSERT INTO public.asset (id, asset_name, ownership, asset_type, asset_alias, market_name, market_area, tenants, address, created_at) VALUES (236, 'Alliance Gateway 14', 'JPM', 'Industrial', 'GW14', 'AllianceTexas', 'Gateway South', 'MP Materials', '4750 Alliance Gateway Freeway, Fort Worth, Texas 76177', '2026-05-20 08:51:27.713258-05') ON CONFLICT (id) DO UPDATE SET asset_name = EXCLUDED.asset_name, ownership = EXCLUDED.ownership, asset_type = EXCLUDED.asset_type, asset_alias = EXCLUDED.asset_alias, market_name = EXCLUDED.market_name, market_area = EXCLUDED.market_area, tenants = EXCLUDED.tenants, address = EXCLUDED.address, created_at = EXCLUDED.created_at;
INSERT INTO public.asset (id, asset_name, ownership, asset_type, asset_alias, market_name, market_area, tenants, address, created_at) VALUES (237, 'Alliance Gateway 16', 'JPM', 'Industrial', 'GW16', 'AllianceTexas', 'Gateway South', NULL, '4700 Alliance Gateway Freeway, Fort Worth, Texas 76262', '2026-05-20 08:51:27.713258-05') ON CONFLICT (id) DO UPDATE SET asset_name = EXCLUDED.asset_name, ownership = EXCLUDED.ownership, asset_type = EXCLUDED.asset_type, asset_alias = EXCLUDED.asset_alias, market_name = EXCLUDED.market_name, market_area = EXCLUDED.market_area, tenants = EXCLUDED.tenants, address = EXCLUDED.address, created_at = EXCLUDED.created_at;
INSERT INTO public.asset (id, asset_name, ownership, asset_type, asset_alias, market_name, market_area, tenants, address, created_at) VALUES (238, 'Alliance Gateway 18', 'JPM', 'Industrial', 'GW18', 'AllianceTexas', 'Gateway South', 'Carolina Beverage Group, LLC', '13300 Park Vista Boulevard, Fort Worth, Texas 76262', '2026-05-20 08:51:27.713258-05') ON CONFLICT (id) DO UPDATE SET asset_name = EXCLUDED.asset_name, ownership = EXCLUDED.ownership, asset_type = EXCLUDED.asset_type, asset_alias = EXCLUDED.asset_alias, market_name = EXCLUDED.market_name, market_area = EXCLUDED.market_area, tenants = EXCLUDED.tenants, address = EXCLUDED.address, created_at = EXCLUDED.created_at;
INSERT INTO public.asset (id, asset_name, ownership, asset_type, asset_alias, market_name, market_area, tenants, address, created_at) VALUES (239, 'Alliance Gateway 31', 'JPM', 'Industrial', 'GW31', 'AllianceTexas', 'Gateway North', 'US Conec', '5201 Alliance Gateway Freeway, Fort Worth, Texas 76177', '2026-05-20 08:51:27.713258-05') ON CONFLICT (id) DO UPDATE SET asset_name = EXCLUDED.asset_name, ownership = EXCLUDED.ownership, asset_type = EXCLUDED.asset_type, asset_alias = EXCLUDED.asset_alias, market_name = EXCLUDED.market_name, market_area = EXCLUDED.market_area, tenants = EXCLUDED.tenants, address = EXCLUDED.address, created_at = EXCLUDED.created_at;
INSERT INTO public.asset (id, asset_name, ownership, asset_type, asset_alias, market_name, market_area, tenants, address, created_at) VALUES (240, 'Alliance Gateway 51', 'JPM', 'Industrial', 'GW51', 'AllianceTexas', 'Gateway North', 'General Mills', '4901 Henrietta Creek Road, Roanoke, Texas 76262', '2026-05-20 08:51:27.713258-05') ON CONFLICT (id) DO UPDATE SET asset_name = EXCLUDED.asset_name, ownership = EXCLUDED.ownership, asset_type = EXCLUDED.asset_type, asset_alias = EXCLUDED.asset_alias, market_name = EXCLUDED.market_name, market_area = EXCLUDED.market_area, tenants = EXCLUDED.tenants, address = EXCLUDED.address, created_at = EXCLUDED.created_at;
INSERT INTO public.asset (id, asset_name, ownership, asset_type, asset_alias, market_name, market_area, tenants, address, created_at) VALUES (241, 'Alliance Gateway 54', 'JPM', 'Industrial', 'GW54', 'AllianceTexas', 'Gateway North', 'Alliance Sports Group, LP;Ryder Integrated Logistics Inc.', '700 Henrietta Creek Road, Roanoke, Texas 76262', '2026-05-20 08:51:27.713258-05') ON CONFLICT (id) DO UPDATE SET asset_name = EXCLUDED.asset_name, ownership = EXCLUDED.ownership, asset_type = EXCLUDED.asset_type, asset_alias = EXCLUDED.asset_alias, market_name = EXCLUDED.market_name, market_area = EXCLUDED.market_area, tenants = EXCLUDED.tenants, address = EXCLUDED.address, created_at = EXCLUDED.created_at;
INSERT INTO public.asset (id, asset_name, ownership, asset_type, asset_alias, market_name, market_area, tenants, address, created_at) VALUES (242, 'Alliance Gateway 55', 'JPM', 'Industrial', 'GW55', 'AllianceTexas', 'Gateway North', 'Samsung HVAC America, LLC', '776 Henrietta Creek Road, Roanoke, Texas 76262', '2026-05-20 08:51:27.713258-05') ON CONFLICT (id) DO UPDATE SET asset_name = EXCLUDED.asset_name, ownership = EXCLUDED.ownership, asset_type = EXCLUDED.asset_type, asset_alias = EXCLUDED.asset_alias, market_name = EXCLUDED.market_name, market_area = EXCLUDED.market_area, tenants = EXCLUDED.tenants, address = EXCLUDED.address, created_at = EXCLUDED.created_at;
INSERT INTO public.asset (id, asset_name, ownership, asset_type, asset_alias, market_name, market_area, tenants, address, created_at) VALUES (243, 'Alliance Gateway 60', 'JPM', 'Industrial', 'GW60', 'AllianceTexas', 'Gateway North', 'American Tire Distributors', '300 Freedom Drive, Roanoke, Texas 76262', '2026-05-20 08:51:27.713258-05') ON CONFLICT (id) DO UPDATE SET asset_name = EXCLUDED.asset_name, ownership = EXCLUDED.ownership, asset_type = EXCLUDED.asset_type, asset_alias = EXCLUDED.asset_alias, market_name = EXCLUDED.market_name, market_area = EXCLUDED.market_area, tenants = EXCLUDED.tenants, address = EXCLUDED.address, created_at = EXCLUDED.created_at;
INSERT INTO public.asset (id, asset_name, ownership, asset_type, asset_alias, market_name, market_area, tenants, address, created_at) VALUES (244, 'Alliance Westport 3', 'JPM', 'Industrial', 'WP3', 'AllianceTexas', 'Westport', 'Airborne Tactical Advantage Company;Logistics Plus', '920 Westport Parkway, Haslet, Texas 76052', '2026-05-20 08:51:27.713258-05') ON CONFLICT (id) DO UPDATE SET asset_name = EXCLUDED.asset_name, ownership = EXCLUDED.ownership, asset_type = EXCLUDED.asset_type, asset_alias = EXCLUDED.asset_alias, market_name = EXCLUDED.market_name, market_area = EXCLUDED.market_area, tenants = EXCLUDED.tenants, address = EXCLUDED.address, created_at = EXCLUDED.created_at;
INSERT INTO public.asset (id, asset_name, ownership, asset_type, asset_alias, market_name, market_area, tenants, address, created_at) VALUES (245, 'Alliance Westport 6', 'JPM', 'Industrial', 'WP6', 'AllianceTexas', 'Westport', 'S.C. Johnson & Son, Inc', '850 Transport Drive, Haslet, Texas 76052', '2026-05-20 08:51:27.713258-05') ON CONFLICT (id) DO UPDATE SET asset_name = EXCLUDED.asset_name, ownership = EXCLUDED.ownership, asset_type = EXCLUDED.asset_type, asset_alias = EXCLUDED.asset_alias, market_name = EXCLUDED.market_name, market_area = EXCLUDED.market_area, tenants = EXCLUDED.tenants, address = EXCLUDED.address, created_at = EXCLUDED.created_at;
INSERT INTO public.asset (id, asset_name, ownership, asset_type, asset_alias, market_name, market_area, tenants, address, created_at) VALUES (246, 'Heritage Commons II', 'JPM', 'Office', 'HC2', 'AllianceTexas', 'Alliance Center', 'Crossland Construction Company, Inc.;North Tarrant Infrastructure', '13601 North Freeway, Fort Worth, Texas 76177', '2026-05-20 08:51:27.713258-05') ON CONFLICT (id) DO UPDATE SET asset_name = EXCLUDED.asset_name, ownership = EXCLUDED.ownership, asset_type = EXCLUDED.asset_type, asset_alias = EXCLUDED.asset_alias, market_name = EXCLUDED.market_name, market_area = EXCLUDED.market_area, tenants = EXCLUDED.tenants, address = EXCLUDED.address, created_at = EXCLUDED.created_at;
INSERT INTO public.asset (id, asset_name, ownership, asset_type, asset_alias, market_name, market_area, tenants, address, created_at) VALUES (247, 'Alliance Northport 1', 'Lexington', 'Industrial', 'NP1', 'AllianceTexas', 'Northport', 'Schluter Systems, LP', '8363 East Sam Lee Lane, Northlake, Texas 76262', '2026-05-20 08:51:27.713258-05') ON CONFLICT (id) DO UPDATE SET asset_name = EXCLUDED.asset_name, ownership = EXCLUDED.ownership, asset_type = EXCLUDED.asset_type, asset_alias = EXCLUDED.asset_alias, market_name = EXCLUDED.market_name, market_area = EXCLUDED.market_area, tenants = EXCLUDED.tenants, address = EXCLUDED.address, created_at = EXCLUDED.created_at;
INSERT INTO public.asset (id, asset_name, ownership, asset_type, asset_alias, market_name, market_area, tenants, address, created_at) VALUES (248, 'Alliance Northport 3', 'Lexington', 'Industrial', 'NP3', 'AllianceTexas', 'Northport', 'Black & Decker', '8601 East Sam Lee Lane, Northlake, Texas 76262', '2026-05-20 08:51:27.713258-05') ON CONFLICT (id) DO UPDATE SET asset_name = EXCLUDED.asset_name, ownership = EXCLUDED.ownership, asset_type = EXCLUDED.asset_type, asset_alias = EXCLUDED.asset_alias, market_name = EXCLUDED.market_name, market_area = EXCLUDED.market_area, tenants = EXCLUDED.tenants, address = EXCLUDED.address, created_at = EXCLUDED.created_at;
INSERT INTO public.asset (id, asset_name, ownership, asset_type, asset_alias, market_name, market_area, tenants, address, created_at) VALUES (249, 'LEX Carrollton ', 'Lexington', 'Industrial', 'LEX Carrollton', 'Carrollton', 'Carrollton', 'Teasdale Foods', '2115 East Belt Line Road, Carrollton, Texas 75006', '2026-05-20 08:51:27.713258-05') ON CONFLICT (id) DO UPDATE SET asset_name = EXCLUDED.asset_name, ownership = EXCLUDED.ownership, asset_type = EXCLUDED.asset_type, asset_alias = EXCLUDED.asset_alias, market_name = EXCLUDED.market_name, market_area = EXCLUDED.market_area, tenants = EXCLUDED.tenants, address = EXCLUDED.address, created_at = EXCLUDED.created_at;
INSERT INTO public.asset (id, asset_name, ownership, asset_type, asset_alias, market_name, market_area, tenants, address, created_at) VALUES (250, 'LEX Dallas', 'Lexington', 'Industrial', 'LEX Dallas', 'Dallas', NULL, 'Owens Corning', '3737 Duncanville Road, Dallas, Texas 75236', '2026-05-20 08:51:27.713258-05') ON CONFLICT (id) DO UPDATE SET asset_name = EXCLUDED.asset_name, ownership = EXCLUDED.ownership, asset_type = EXCLUDED.asset_type, asset_alias = EXCLUDED.asset_alias, market_name = EXCLUDED.market_name, market_area = EXCLUDED.market_area, tenants = EXCLUDED.tenants, address = EXCLUDED.address, created_at = EXCLUDED.created_at;
INSERT INTO public.asset (id, asset_name, ownership, asset_type, asset_alias, market_name, market_area, tenants, address, created_at) VALUES (252, 'Alliance Commerce Center 1', 'Nuveen', 'Industrial', 'ACC 1', 'AllianceTexas', 'Alliance Commerce Center', 'Recaro Aircraft Seating Americas, Inc', '2275 Eagle Parkway, Fort Worth, Texas 76177', '2026-05-20 08:51:27.713258-05') ON CONFLICT (id) DO UPDATE SET asset_name = EXCLUDED.asset_name, ownership = EXCLUDED.ownership, asset_type = EXCLUDED.asset_type, asset_alias = EXCLUDED.asset_alias, market_name = EXCLUDED.market_name, market_area = EXCLUDED.market_area, tenants = EXCLUDED.tenants, address = EXCLUDED.address, created_at = EXCLUDED.created_at;
INSERT INTO public.asset (id, asset_name, ownership, asset_type, asset_alias, market_name, market_area, tenants, address, created_at) VALUES (253, 'Alliance Commerce Center 2', 'Nuveen', 'Industrial', 'ACC 2', 'AllianceTexas', 'Alliance Commerce Center', 'Recaro Aircraft Seating Americas, Inc', '15001 Peterson Court, Fort Worth, Texas 76177', '2026-05-20 08:51:27.713258-05') ON CONFLICT (id) DO UPDATE SET asset_name = EXCLUDED.asset_name, ownership = EXCLUDED.ownership, asset_type = EXCLUDED.asset_type, asset_alias = EXCLUDED.asset_alias, market_name = EXCLUDED.market_name, market_area = EXCLUDED.market_area, tenants = EXCLUDED.tenants, address = EXCLUDED.address, created_at = EXCLUDED.created_at;
INSERT INTO public.asset (id, asset_name, ownership, asset_type, asset_alias, market_name, market_area, tenants, address, created_at) VALUES (254, 'Alliance Commerce Center 4', 'Nuveen', 'Industrial', 'ACC 4', 'AllianceTexas', 'Alliance Commerce Center', 'LG Electronics Alabama, Inc;Lash OpCo;Recaro Aircraft Seating Americas, Inc', '2153 Eagle Parkway, Fort Worth, Texas 76177', '2026-05-20 08:51:27.713258-05') ON CONFLICT (id) DO UPDATE SET asset_name = EXCLUDED.asset_name, ownership = EXCLUDED.ownership, asset_type = EXCLUDED.asset_type, asset_alias = EXCLUDED.asset_alias, market_name = EXCLUDED.market_name, market_area = EXCLUDED.market_area, tenants = EXCLUDED.tenants, address = EXCLUDED.address, created_at = EXCLUDED.created_at;
INSERT INTO public.asset (id, asset_name, ownership, asset_type, asset_alias, market_name, market_area, tenants, address, created_at) VALUES (255, 'Alliance Gateway 15', 'Nuveen', 'Industrial', 'GW15', 'AllianceTexas', 'Gateway South', 'IES Commercial & Industrial, Inc.;Monitronics (Brinks)', '4800 Alliance Gateway Freeway, Fort Worth, Texas 76177', '2026-05-20 08:51:27.713258-05') ON CONFLICT (id) DO UPDATE SET asset_name = EXCLUDED.asset_name, ownership = EXCLUDED.ownership, asset_type = EXCLUDED.asset_type, asset_alias = EXCLUDED.asset_alias, market_name = EXCLUDED.market_name, market_area = EXCLUDED.market_area, tenants = EXCLUDED.tenants, address = EXCLUDED.address, created_at = EXCLUDED.created_at;
INSERT INTO public.asset (id, asset_name, ownership, asset_type, asset_alias, market_name, market_area, tenants, address, created_at) VALUES (256, 'Alliance Gateway 22', 'Nuveen', 'Industrial', 'GW22', 'AllianceTexas', 'Gateway South', 'McKesson Corporation', '13501 Park Vista Boulevard, Fort Worth, Texas 76177', '2026-05-20 08:51:27.713258-05') ON CONFLICT (id) DO UPDATE SET asset_name = EXCLUDED.asset_name, ownership = EXCLUDED.ownership, asset_type = EXCLUDED.asset_type, asset_alias = EXCLUDED.asset_alias, market_name = EXCLUDED.market_name, market_area = EXCLUDED.market_area, tenants = EXCLUDED.tenants, address = EXCLUDED.address, created_at = EXCLUDED.created_at;
INSERT INTO public.asset (id, asset_name, ownership, asset_type, asset_alias, market_name, market_area, tenants, address, created_at) VALUES (257, 'Alliance Gateway 23', 'Nuveen', 'Industrial', 'GW23', 'AllianceTexas', 'Gateway South', 'S&B Industry / Foxconn', '13301 Park Vista Boulevard, Fort Worth, Texas 76262', '2026-05-20 08:51:27.713258-05') ON CONFLICT (id) DO UPDATE SET asset_name = EXCLUDED.asset_name, ownership = EXCLUDED.ownership, asset_type = EXCLUDED.asset_type, asset_alias = EXCLUDED.asset_alias, market_name = EXCLUDED.market_name, market_area = EXCLUDED.market_area, tenants = EXCLUDED.tenants, address = EXCLUDED.address, created_at = EXCLUDED.created_at;
INSERT INTO public.asset (id, asset_name, ownership, asset_type, asset_alias, market_name, market_area, tenants, address, created_at) VALUES (258, 'Alliance Gateway 27', 'Nuveen', 'Industrial', 'GW27', 'AllianceTexas', 'Gateway North', NULL, '5601 Alliance Gateway Freeway, Fort Worth, Texas 76177', '2026-05-20 08:51:27.713258-05') ON CONFLICT (id) DO UPDATE SET asset_name = EXCLUDED.asset_name, ownership = EXCLUDED.ownership, asset_type = EXCLUDED.asset_type, asset_alias = EXCLUDED.asset_alias, market_name = EXCLUDED.market_name, market_area = EXCLUDED.market_area, tenants = EXCLUDED.tenants, address = EXCLUDED.address, created_at = EXCLUDED.created_at;
INSERT INTO public.asset (id, asset_name, ownership, asset_type, asset_alias, market_name, market_area, tenants, address, created_at) VALUES (229, 'The Crockett', 'Hillwood', 'Multifamily', 'Beach / 170 MF', 'AllianceTexas', NULL, NULL, '32.971162 -97.286612', '2026-05-20 08:51:27.713258-05') ON CONFLICT (id) DO UPDATE SET asset_name = EXCLUDED.asset_name, ownership = EXCLUDED.ownership, asset_type = EXCLUDED.asset_type, asset_alias = EXCLUDED.asset_alias, market_name = EXCLUDED.market_name, market_area = EXCLUDED.market_area, tenants = EXCLUDED.tenants, address = EXCLUDED.address, created_at = EXCLUDED.created_at;
INSERT INTO public.asset (id, asset_name, ownership, asset_type, asset_alias, market_name, market_area, tenants, address, created_at) VALUES (276, 'Alliance Airport Tower', 'Hillwood', 'Other', 'Tower', NULL, NULL, NULL, '2300 Alliance Boulevard, Fort Worth, Texas 76177', '2026-06-03 08:40:57.501507-05') ON CONFLICT (id) DO UPDATE SET asset_name = EXCLUDED.asset_name, ownership = EXCLUDED.ownership, asset_type = EXCLUDED.asset_type, asset_alias = EXCLUDED.asset_alias, market_name = EXCLUDED.market_name, market_area = EXCLUDED.market_area, tenants = EXCLUDED.tenants, address = EXCLUDED.address, created_at = EXCLUDED.created_at;
INSERT INTO public.asset (id, asset_name, ownership, asset_type, asset_alias, market_name, market_area, tenants, address, created_at) VALUES (277, 'Portable 2', 'Hillwood', 'Other', 'PB2', NULL, NULL, NULL, '13825 Aviator Way Suite 200, Fort Worth, Texas 76177', '2026-06-03 08:40:57.501507-05') ON CONFLICT (id) DO UPDATE SET asset_name = EXCLUDED.asset_name, ownership = EXCLUDED.ownership, asset_type = EXCLUDED.asset_type, asset_alias = EXCLUDED.asset_alias, market_name = EXCLUDED.market_name, market_area = EXCLUDED.market_area, tenants = EXCLUDED.tenants, address = EXCLUDED.address, created_at = EXCLUDED.created_at;
INSERT INTO public.asset (id, asset_name, ownership, asset_type, asset_alias, market_name, market_area, tenants, address, created_at) VALUES (205, 'Flight Test Center', 'Hillwood', 'Other', NULL, 'AllianceTexas', 'Northport', 'Autonomous Solutions, Inc.;Gatik;Helicopter Institute;Unmanned Experts;Wing Aviation', '16501 Victory Circle, Justin, Texas 76247', '2026-05-20 08:51:27.713258-05') ON CONFLICT (id) DO UPDATE SET asset_name = EXCLUDED.asset_name, ownership = EXCLUDED.ownership, asset_type = EXCLUDED.asset_type, asset_alias = EXCLUDED.asset_alias, market_name = EXCLUDED.market_name, market_area = EXCLUDED.market_area, tenants = EXCLUDED.tenants, address = EXCLUDED.address, created_at = EXCLUDED.created_at;
INSERT INTO public.asset (id, asset_name, ownership, asset_type, asset_alias, market_name, market_area, tenants, address, created_at) VALUES (149, 'Alliance Gateway 4', 'Artemis', 'Industrial', 'GW4', 'AllianceTexas', 'Gateway South', 'DHL Supply Chain', '13601 Independence Parkway, Fort Worth, Texas 76177', '2026-05-20 08:51:27.713258-05') ON CONFLICT (id) DO UPDATE SET asset_name = EXCLUDED.asset_name, ownership = EXCLUDED.ownership, asset_type = EXCLUDED.asset_type, asset_alias = EXCLUDED.asset_alias, market_name = EXCLUDED.market_name, market_area = EXCLUDED.market_area, tenants = EXCLUDED.tenants, address = EXCLUDED.address, created_at = EXCLUDED.created_at;
INSERT INTO public.asset (id, asset_name, ownership, asset_type, asset_alias, market_name, market_area, tenants, address, created_at) VALUES (155, 'Heritage Commons III', 'Cambridge Outerloop', 'Office', 'HC3', 'AllianceTexas', 'Alliance Center', 'Amentum', '13500 Heritage Parkway, Fort Worth, Texas 76177', '2026-05-20 08:51:27.713258-05') ON CONFLICT (id) DO UPDATE SET asset_name = EXCLUDED.asset_name, ownership = EXCLUDED.ownership, asset_type = EXCLUDED.asset_type, asset_alias = EXCLUDED.asset_alias, market_name = EXCLUDED.market_name, market_area = EXCLUDED.market_area, tenants = EXCLUDED.tenants, address = EXCLUDED.address, created_at = EXCLUDED.created_at;
INSERT INTO public.asset (id, asset_name, ownership, asset_type, asset_alias, market_name, market_area, tenants, address, created_at) VALUES (260, 'Alliance Gateway 52', 'Nuveen', 'Industrial', 'GW52', 'AllianceTexas', 'Gateway North', 'W.W. Grainger', '5001 Henrietta Creek Road, Roanoke, Texas 76262', '2026-05-20 08:51:27.713258-05') ON CONFLICT (id) DO UPDATE SET asset_name = EXCLUDED.asset_name, ownership = EXCLUDED.ownership, asset_type = EXCLUDED.asset_type, asset_alias = EXCLUDED.asset_alias, market_name = EXCLUDED.market_name, market_area = EXCLUDED.market_area, tenants = EXCLUDED.tenants, address = EXCLUDED.address, created_at = EXCLUDED.created_at;
INSERT INTO public.asset (id, asset_name, ownership, asset_type, asset_alias, market_name, market_area, tenants, address, created_at) VALUES (261, 'Alliance Gateway 58', 'Nuveen', 'Industrial', 'GW58', 'AllianceTexas', 'Gateway North', 'Animal Health International;Group O, Inc.;Sunbelt Rentals', '800 Henrietta Creek Road, Roanoke, Texas 76262', '2026-05-20 08:51:27.713258-05') ON CONFLICT (id) DO UPDATE SET asset_name = EXCLUDED.asset_name, ownership = EXCLUDED.ownership, asset_type = EXCLUDED.asset_type, asset_alias = EXCLUDED.asset_alias, market_name = EXCLUDED.market_name, market_area = EXCLUDED.market_area, tenants = EXCLUDED.tenants, address = EXCLUDED.address, created_at = EXCLUDED.created_at;
INSERT INTO public.asset (id, asset_name, ownership, asset_type, asset_alias, market_name, market_area, tenants, address, created_at) VALUES (262, 'Alliance Gateway 62', 'Nuveen', 'Industrial', 'GW62', 'AllianceTexas', 'Gateway North', 'Martin-Brower Company, LLC', '400 Patriot Parkway, Roanoke, Texas 76262', '2026-05-20 08:51:27.713258-05') ON CONFLICT (id) DO UPDATE SET asset_name = EXCLUDED.asset_name, ownership = EXCLUDED.ownership, asset_type = EXCLUDED.asset_type, asset_alias = EXCLUDED.asset_alias, market_name = EXCLUDED.market_name, market_area = EXCLUDED.market_area, tenants = EXCLUDED.tenants, address = EXCLUDED.address, created_at = EXCLUDED.created_at;
INSERT INTO public.asset (id, asset_name, ownership, asset_type, asset_alias, market_name, market_area, tenants, address, created_at) VALUES (263, 'Alliance Gateway 9', 'Nuveen', 'Industrial', 'GW9', 'AllianceTexas', 'Gateway South', 'CEVA Logistics;Leidos', '5300 Alliance Gateway Freeway, Fort Worth, Texas 76177', '2026-05-20 08:51:27.713258-05') ON CONFLICT (id) DO UPDATE SET asset_name = EXCLUDED.asset_name, ownership = EXCLUDED.ownership, asset_type = EXCLUDED.asset_type, asset_alias = EXCLUDED.asset_alias, market_name = EXCLUDED.market_name, market_area = EXCLUDED.market_area, tenants = EXCLUDED.tenants, address = EXCLUDED.address, created_at = EXCLUDED.created_at;
INSERT INTO public.asset (id, asset_name, ownership, asset_type, asset_alias, market_name, market_area, tenants, address, created_at) VALUES (182, 'Alliance Gateway 70', 'Hillwood', 'Industrial', 'GW70', 'AllianceTexas', 'Gateway North', NULL, '15001 Independence Parkway, Fort Worth, Texas 76177', '2026-05-20 08:51:27.713258-05') ON CONFLICT (id) DO UPDATE SET asset_name = EXCLUDED.asset_name, ownership = EXCLUDED.ownership, asset_type = EXCLUDED.asset_type, asset_alias = EXCLUDED.asset_alias, market_name = EXCLUDED.market_name, market_area = EXCLUDED.market_area, tenants = EXCLUDED.tenants, address = EXCLUDED.address, created_at = EXCLUDED.created_at;
INSERT INTO public.asset (id, asset_name, ownership, asset_type, asset_alias, market_name, market_area, tenants, address, created_at) VALUES (183, 'Alliance Gateway 71', 'Hillwood', 'Industrial', 'GW71', 'AllianceTexas', 'Gateway North', NULL, '4801 Henrietta Creek Road, Roanoke, Texas 76262', '2026-05-20 08:51:27.713258-05') ON CONFLICT (id) DO UPDATE SET asset_name = EXCLUDED.asset_name, ownership = EXCLUDED.ownership, asset_type = EXCLUDED.asset_type, asset_alias = EXCLUDED.asset_alias, market_name = EXCLUDED.market_name, market_area = EXCLUDED.market_area, tenants = EXCLUDED.tenants, address = EXCLUDED.address, created_at = EXCLUDED.created_at;
INSERT INTO public.asset (id, asset_name, ownership, asset_type, asset_alias, market_name, market_area, tenants, address, created_at) VALUES (187, 'Alliance Westport 12', 'Hillwood', 'Industrial', 'WP12', 'AllianceTexas', 'Westport', NULL, '32.999259 -97.333103', '2026-05-20 08:51:27.713258-05') ON CONFLICT (id) DO UPDATE SET asset_name = EXCLUDED.asset_name, ownership = EXCLUDED.ownership, asset_type = EXCLUDED.asset_type, asset_alias = EXCLUDED.asset_alias, market_name = EXCLUDED.market_name, market_area = EXCLUDED.market_area, tenants = EXCLUDED.tenants, address = EXCLUDED.address, created_at = EXCLUDED.created_at;
INSERT INTO public.asset (id, asset_name, ownership, asset_type, asset_alias, market_name, market_area, tenants, address, created_at) VALUES (189, 'Alliance Westport 16', 'Hillwood', 'Industrial', 'WP16', 'AllianceTexas', 'Westport', NULL, '33.003856 -97.332324', '2026-05-20 08:51:27.713258-05') ON CONFLICT (id) DO UPDATE SET asset_name = EXCLUDED.asset_name, ownership = EXCLUDED.ownership, asset_type = EXCLUDED.asset_type, asset_alias = EXCLUDED.asset_alias, market_name = EXCLUDED.market_name, market_area = EXCLUDED.market_area, tenants = EXCLUDED.tenants, address = EXCLUDED.address, created_at = EXCLUDED.created_at;
INSERT INTO public.asset (id, asset_name, ownership, asset_type, asset_alias, market_name, market_area, tenants, address, created_at) VALUES (192, 'ATCN Grocer Retail - Parkside East', 'Hillwood', 'Retail', 'Parkside East', 'AllianceTexas', 'ATC North', 'Black Rifle Coffee Company;CAVA;Candle Nail Spa;Chewy, Inc.;Dave''s Hot Chicken;Hash Kitchen;Magnolia Soap and Bath Co.;Mo'' Bettah''s Hawaiian Style Food;Nothing Bundt Cakes;Petbar Inc.;The Sicilian Butcher;Torchy''s Tacos', '3330 Tracewood Way, Fort Worth, Texas 76177', '2026-05-20 08:51:27.713258-05') ON CONFLICT (id) DO UPDATE SET asset_name = EXCLUDED.asset_name, ownership = EXCLUDED.ownership, asset_type = EXCLUDED.asset_type, asset_alias = EXCLUDED.asset_alias, market_name = EXCLUDED.market_name, market_area = EXCLUDED.market_area, tenants = EXCLUDED.tenants, address = EXCLUDED.address, created_at = EXCLUDED.created_at;
INSERT INTO public.asset (id, asset_name, ownership, asset_type, asset_alias, market_name, market_area, tenants, address, created_at) VALUES (197, 'Bonham and Baker', 'Hillwood', 'Multifamily', 'UL4', 'Frisco', 'Frisco Station', NULL, '33.112843 -96.835410', '2026-05-20 08:51:27.713258-05') ON CONFLICT (id) DO UPDATE SET asset_name = EXCLUDED.asset_name, ownership = EXCLUDED.ownership, asset_type = EXCLUDED.asset_type, asset_alias = EXCLUDED.asset_alias, market_name = EXCLUDED.market_name, market_area = EXCLUDED.market_area, tenants = EXCLUDED.tenants, address = EXCLUDED.address, created_at = EXCLUDED.created_at;
INSERT INTO public.asset (id, asset_name, ownership, asset_type, asset_alias, market_name, market_area, tenants, address, created_at) VALUES (208, 'Freeport Business Center III', 'Hillwood', 'Office', 'Freeport 3', 'Irving', 'Irving', NULL, '8550 Freeport Parkway, Irving, Texas 75063', '2026-05-20 08:51:27.713258-05') ON CONFLICT (id) DO UPDATE SET asset_name = EXCLUDED.asset_name, ownership = EXCLUDED.ownership, asset_type = EXCLUDED.asset_type, asset_alias = EXCLUDED.asset_alias, market_name = EXCLUDED.market_name, market_area = EXCLUDED.market_area, tenants = EXCLUDED.tenants, address = EXCLUDED.address, created_at = EXCLUDED.created_at;
INSERT INTO public.asset (id, asset_name, ownership, asset_type, asset_alias, market_name, market_area, tenants, address, created_at) VALUES (210, 'Front 44 Retail', 'Hillwood', 'Retail', 'F44', 'AllianceTexas', 'Circle T Ranch', NULL, '32.996224 -97.212943', '2026-05-20 08:51:27.713258-05') ON CONFLICT (id) DO UPDATE SET asset_name = EXCLUDED.asset_name, ownership = EXCLUDED.ownership, asset_type = EXCLUDED.asset_type, asset_alias = EXCLUDED.asset_alias, market_name = EXCLUDED.market_name, market_area = EXCLUDED.market_area, tenants = EXCLUDED.tenants, address = EXCLUDED.address, created_at = EXCLUDED.created_at;
INSERT INTO public.asset (id, asset_name, ownership, asset_type, asset_alias, market_name, market_area, tenants, address, created_at) VALUES (215, 'Harvest Town Center', 'Hillwood', 'Retail', 'HTC', 'Harvest', 'Harvest', 'European Wax Center;Gen Nail Salon;Gideon Math & Reading;Great Clips;Heartland Dental;Jersey Mike''s;Mo''Bettahs;Tom Thumb', '33.102713 -97.226606', '2026-05-20 08:51:27.713258-05') ON CONFLICT (id) DO UPDATE SET asset_name = EXCLUDED.asset_name, ownership = EXCLUDED.ownership, asset_type = EXCLUDED.asset_type, asset_alias = EXCLUDED.asset_alias, market_name = EXCLUDED.market_name, market_area = EXCLUDED.market_area, tenants = EXCLUDED.tenants, address = EXCLUDED.address, created_at = EXCLUDED.created_at;
INSERT INTO public.asset (id, asset_name, ownership, asset_type, asset_alias, market_name, market_area, tenants, address, created_at) VALUES (216, 'Hillwood Commons I', 'Hillwood', 'Office', 'HWC1', 'AllianceTexas', 'ATC North', 'AUI Partners, LLC;Amrock;AspenRidge Wealth Advisors;Cargill Meat Solutions Corporation;Draken International;FirstService Residential;Hillwood Alliance Group, LP;Legacy Medical Consultants, LLC;Leidos;Peloton Land Solutions, Inc., a Westwood Company;Regus;Westinghouse Air Brake Technologies Corporation (Wabtec)', '9800 Hillwood Parkway, Fort Worth, Texas 76177', '2026-05-20 08:51:27.713258-05') ON CONFLICT (id) DO UPDATE SET asset_name = EXCLUDED.asset_name, ownership = EXCLUDED.ownership, asset_type = EXCLUDED.asset_type, asset_alias = EXCLUDED.asset_alias, market_name = EXCLUDED.market_name, market_area = EXCLUDED.market_area, tenants = EXCLUDED.tenants, address = EXCLUDED.address, created_at = EXCLUDED.created_at;
INSERT INTO public.asset (id, asset_name, ownership, asset_type, asset_alias, market_name, market_area, tenants, address, created_at) VALUES (224, 'Portable 3', 'Hillwood', 'Other', 'PB3', NULL, NULL, NULL, '13825 Aviator Way Suite 200, Fort Worth, Texas 76177', '2026-05-20 08:51:27.713258-05') ON CONFLICT (id) DO UPDATE SET asset_name = EXCLUDED.asset_name, ownership = EXCLUDED.ownership, asset_type = EXCLUDED.asset_type, asset_alias = EXCLUDED.asset_alias, market_name = EXCLUDED.market_name, market_area = EXCLUDED.market_area, tenants = EXCLUDED.tenants, address = EXCLUDED.address, created_at = EXCLUDED.created_at;
INSERT INTO public.asset (id, asset_name, ownership, asset_type, asset_alias, market_name, market_area, tenants, address, created_at) VALUES (259, 'Alliance Gateway 49', 'Nuveen', 'Industrial', 'GW49', 'AllianceTexas', 'Gateway North', 'General Motors;Lanter Delivery Systems, Inc', '899 Henrietta Creek Road, Roanoke, Texas 76262', '2026-05-20 08:51:27.713258-05') ON CONFLICT (id) DO UPDATE SET asset_name = EXCLUDED.asset_name, ownership = EXCLUDED.ownership, asset_type = EXCLUDED.asset_type, asset_alias = EXCLUDED.asset_alias, market_name = EXCLUDED.market_name, market_area = EXCLUDED.market_area, tenants = EXCLUDED.tenants, address = EXCLUDED.address, created_at = EXCLUDED.created_at;
INSERT INTO public.asset (id, asset_name, ownership, asset_type, asset_alias, market_name, market_area, tenants, address, created_at) VALUES (265, 'Alliance Westport 4', 'Nuveen', 'Industrial', 'WP4', 'AllianceTexas', 'Westport', 'DHL Supply Chain', '125 Intermodal Parkway, Haslet, Texas 76052', '2026-05-20 08:51:27.713258-05') ON CONFLICT (id) DO UPDATE SET asset_name = EXCLUDED.asset_name, ownership = EXCLUDED.ownership, asset_type = EXCLUDED.asset_type, asset_alias = EXCLUDED.asset_alias, market_name = EXCLUDED.market_name, market_area = EXCLUDED.market_area, tenants = EXCLUDED.tenants, address = EXCLUDED.address, created_at = EXCLUDED.created_at;
INSERT INTO public.asset (id, asset_name, ownership, asset_type, asset_alias, market_name, market_area, tenants, address, created_at) VALUES (176, 'Alliance Center North 6', 'Hillwood', 'Industrial', 'ACN6', 'AllianceTexas', 'Alliance Center North', NULL, '33.013156 -97.273942', '2026-05-20 08:51:27.713258-05') ON CONFLICT (id) DO UPDATE SET asset_name = EXCLUDED.asset_name, ownership = EXCLUDED.ownership, asset_type = EXCLUDED.asset_type, asset_alias = EXCLUDED.asset_alias, market_name = EXCLUDED.market_name, market_area = EXCLUDED.market_area, tenants = EXCLUDED.tenants, address = EXCLUDED.address, created_at = EXCLUDED.created_at;
INSERT INTO public.asset (id, asset_name, ownership, asset_type, asset_alias, market_name, market_area, tenants, address, created_at) VALUES (278, 'Alliance Center North 12', NULL, 'Industrial', 'ACN12', 'AllianceTexas', 'Alliance Center North', 'FedEx Supply Chain', '2701 Texas Longhorn Way, Fort Worth, Texas 76177', '2026-06-22 11:37:29.618607-05') ON CONFLICT (id) DO UPDATE SET asset_name = EXCLUDED.asset_name, ownership = EXCLUDED.ownership, asset_type = EXCLUDED.asset_type, asset_alias = EXCLUDED.asset_alias, market_name = EXCLUDED.market_name, market_area = EXCLUDED.market_area, tenants = EXCLUDED.tenants, address = EXCLUDED.address, created_at = EXCLUDED.created_at;
INSERT INTO public.asset (id, asset_name, ownership, asset_type, asset_alias, market_name, market_area, tenants, address, created_at) VALUES (279, 'Alliance Center North 13', NULL, 'Industrial', 'ACN13', 'AllianceTexas', 'Alliance Center North', 'FedEx Supply Chain', '2001 World Wide Drive, Fort Worth, Texas 76177', '2026-06-22 11:37:29.618607-05') ON CONFLICT (id) DO UPDATE SET asset_name = EXCLUDED.asset_name, ownership = EXCLUDED.ownership, asset_type = EXCLUDED.asset_type, asset_alias = EXCLUDED.asset_alias, market_name = EXCLUDED.market_name, market_area = EXCLUDED.market_area, tenants = EXCLUDED.tenants, address = EXCLUDED.address, created_at = EXCLUDED.created_at;
INSERT INTO public.asset (id, asset_name, ownership, asset_type, asset_alias, market_name, market_area, tenants, address, created_at) VALUES (280, 'Alliance Center North 14', NULL, 'Industrial', 'ACN14', 'AllianceTexas', 'Alliance Center North', NULL, '301 Intermodal Parkway, Fort Worth, Texas 76177', '2026-06-22 11:37:29.618607-05') ON CONFLICT (id) DO UPDATE SET asset_name = EXCLUDED.asset_name, ownership = EXCLUDED.ownership, asset_type = EXCLUDED.asset_type, asset_alias = EXCLUDED.asset_alias, market_name = EXCLUDED.market_name, market_area = EXCLUDED.market_area, tenants = EXCLUDED.tenants, address = EXCLUDED.address, created_at = EXCLUDED.created_at;
INSERT INTO public.asset (id, asset_name, ownership, asset_type, asset_alias, market_name, market_area, tenants, address, created_at) VALUES (281, 'Alliance Center North 16', NULL, 'Industrial', 'ACN16', 'AllianceTexas', 'Alliance Center North', NULL, '1400 Intermodal Parkway, Haslet, Texas 76177', '2026-06-22 11:37:29.618607-05') ON CONFLICT (id) DO UPDATE SET asset_name = EXCLUDED.asset_name, ownership = EXCLUDED.ownership, asset_type = EXCLUDED.asset_type, asset_alias = EXCLUDED.asset_alias, market_name = EXCLUDED.market_name, market_area = EXCLUDED.market_area, tenants = EXCLUDED.tenants, address = EXCLUDED.address, created_at = EXCLUDED.created_at;
INSERT INTO public.asset (id, asset_name, ownership, asset_type, asset_alias, market_name, market_area, tenants, address, created_at) VALUES (282, 'Alliance Gateway 74', NULL, 'Industrial', 'AG74', 'AllianceTexas', 'Gateway North', NULL, '15201 Independence Pkwy, Roanoke, Texas 76262', '2026-06-22 11:37:29.618607-05') ON CONFLICT (id) DO UPDATE SET asset_name = EXCLUDED.asset_name, ownership = EXCLUDED.ownership, asset_type = EXCLUDED.asset_type, asset_alias = EXCLUDED.asset_alias, market_name = EXCLUDED.market_name, market_area = EXCLUDED.market_area, tenants = EXCLUDED.tenants, address = EXCLUDED.address, created_at = EXCLUDED.created_at;
INSERT INTO public.asset (id, asset_name, ownership, asset_type, asset_alias, market_name, market_area, tenants, address, created_at) VALUES (283, 'Alliance Northport 2', NULL, 'Industrial', 'NP2', 'AllianceTexas', 'Northport', NULL, '17801 Interstate 35 West Service Rd, Northlake, Texas 76262', '2026-06-22 11:37:29.618607-05') ON CONFLICT (id) DO UPDATE SET asset_name = EXCLUDED.asset_name, ownership = EXCLUDED.ownership, asset_type = EXCLUDED.asset_type, asset_alias = EXCLUDED.asset_alias, market_name = EXCLUDED.market_name, market_area = EXCLUDED.market_area, tenants = EXCLUDED.tenants, address = EXCLUDED.address, created_at = EXCLUDED.created_at;
INSERT INTO public.asset (id, asset_name, ownership, asset_type, asset_alias, market_name, market_area, tenants, address, created_at) VALUES (284, 'BNSF Railway Alliance Intermodal Facility', NULL, 'Industrial', NULL, 'AllianceTexas', 'Westport', NULL, '1111 Intermodal Parkway, Fort Worth, Texas 76177', '2026-06-22 11:37:29.618607-05') ON CONFLICT (id) DO UPDATE SET asset_name = EXCLUDED.asset_name, ownership = EXCLUDED.ownership, asset_type = EXCLUDED.asset_type, asset_alias = EXCLUDED.asset_alias, market_name = EXCLUDED.market_name, market_area = EXCLUDED.market_area, tenants = EXCLUDED.tenants, address = EXCLUDED.address, created_at = EXCLUDED.created_at;
INSERT INTO public.asset (id, asset_name, ownership, asset_type, asset_alias, market_name, market_area, tenants, address, created_at) VALUES (285, 'Circle T Barn', 'Hillwood', 'Other', 'CTB', NULL, NULL, NULL, '2451 Westlake Parkway, Westlake, Texas 76262', '2026-06-22 11:37:29.618607-05') ON CONFLICT (id) DO UPDATE SET asset_name = EXCLUDED.asset_name, ownership = EXCLUDED.ownership, asset_type = EXCLUDED.asset_type, asset_alias = EXCLUDED.asset_alias, market_name = EXCLUDED.market_name, market_area = EXCLUDED.market_area, tenants = EXCLUDED.tenants, address = EXCLUDED.address, created_at = EXCLUDED.created_at;
INSERT INTO public.asset (id, asset_name, ownership, asset_type, asset_alias, market_name, market_area, tenants, address, created_at) VALUES (286, 'Circle T Houses', 'Hillwood', 'Other', 'CTH', NULL, NULL, NULL, '2451 Westlake Parkway, Westlake, Texas 76262', '2026-06-22 11:37:29.618607-05') ON CONFLICT (id) DO UPDATE SET asset_name = EXCLUDED.asset_name, ownership = EXCLUDED.ownership, asset_type = EXCLUDED.asset_type, asset_alias = EXCLUDED.asset_alias, market_name = EXCLUDED.market_name, market_area = EXCLUDED.market_area, tenants = EXCLUDED.tenants, address = EXCLUDED.address, created_at = EXCLUDED.created_at;
INSERT INTO public.asset (id, asset_name, ownership, asset_type, asset_alias, market_name, market_area, tenants, address, created_at) VALUES (287, 'CJ76', 'Hillwood', 'Other', 'CJ76', NULL, NULL, NULL, '300 East 6th Street, Fort Worth, Texas 76102', '2026-06-22 11:37:29.618607-05') ON CONFLICT (id) DO UPDATE SET asset_name = EXCLUDED.asset_name, ownership = EXCLUDED.ownership, asset_type = EXCLUDED.asset_type, asset_alias = EXCLUDED.asset_alias, market_name = EXCLUDED.market_name, market_area = EXCLUDED.market_area, tenants = EXCLUDED.tenants, address = EXCLUDED.address, created_at = EXCLUDED.created_at;
INSERT INTO public.asset (id, asset_name, ownership, asset_type, asset_alias, market_name, market_area, tenants, address, created_at) VALUES (264, 'Alliance Westport 1', 'Nuveen', 'Industrial', 'WP1', 'AllianceTexas', 'Westport', 'The Coca-Cola Company', '901 Railhead Drive, Haslet, Texas 76052', '2026-05-20 08:51:27.713258-05') ON CONFLICT (id) DO UPDATE SET asset_name = EXCLUDED.asset_name, ownership = EXCLUDED.ownership, asset_type = EXCLUDED.asset_type, asset_alias = EXCLUDED.asset_alias, market_name = EXCLUDED.market_name, market_area = EXCLUDED.market_area, tenants = EXCLUDED.tenants, address = EXCLUDED.address, created_at = EXCLUDED.created_at;
INSERT INTO public.asset (id, asset_name, ownership, asset_type, asset_alias, market_name, market_area, tenants, address, created_at) VALUES (266, 'Westport 20', 'O''Reillys Auto Parts', 'Industrial', 'WP20', 'AllianceTexas', 'Westport', NULL, '1200 Intermodal Parkway, Fort Worth, Texas 76052', '2026-05-20 08:51:27.713258-05') ON CONFLICT (id) DO UPDATE SET asset_name = EXCLUDED.asset_name, ownership = EXCLUDED.ownership, asset_type = EXCLUDED.asset_type, asset_alias = EXCLUDED.asset_alias, market_name = EXCLUDED.market_name, market_area = EXCLUDED.market_area, tenants = EXCLUDED.tenants, address = EXCLUDED.address, created_at = EXCLUDED.created_at;
INSERT INTO public.asset (id, asset_name, ownership, asset_type, asset_alias, market_name, market_area, tenants, address, created_at) VALUES (267, 'Alliance Gateway 50', 'Scout', 'Industrial', 'GW50', 'AllianceTexas', 'Gateway North', 'Tom Thumb;US LBM', '743 Henrietta Creek Road, Roanoke, Texas 76262', '2026-05-20 08:51:27.713258-05') ON CONFLICT (id) DO UPDATE SET asset_name = EXCLUDED.asset_name, ownership = EXCLUDED.ownership, asset_type = EXCLUDED.asset_type, asset_alias = EXCLUDED.asset_alias, market_name = EXCLUDED.market_name, market_area = EXCLUDED.market_area, tenants = EXCLUDED.tenants, address = EXCLUDED.address, created_at = EXCLUDED.created_at;
INSERT INTO public.asset (id, asset_name, ownership, asset_type, asset_alias, market_name, market_area, tenants, address, created_at) VALUES (268, '1005 Railhead Drive', 'Stonepeak', 'Industrial', NULL, 'AllianceTexas', 'Westport', 'Kraft Heinz Foods Company', '1005 Railhead Drive, Fort Worth, Texas 76177', '2026-05-20 08:51:27.713258-05') ON CONFLICT (id) DO UPDATE SET asset_name = EXCLUDED.asset_name, ownership = EXCLUDED.ownership, asset_type = EXCLUDED.asset_type, asset_alias = EXCLUDED.asset_alias, market_name = EXCLUDED.market_name, market_area = EXCLUDED.market_area, tenants = EXCLUDED.tenants, address = EXCLUDED.address, created_at = EXCLUDED.created_at;
INSERT INTO public.asset (id, asset_name, ownership, asset_type, asset_alias, market_name, market_area, tenants, address, created_at) VALUES (269, '1006 Railhead Drive', 'Stonepeak', 'Industrial', NULL, 'AllianceTexas', 'Westport', 'Kraft Heinz Foods Company', '1006 Railhead Drive, Fort Worth, Texas 76177', '2026-05-20 08:51:27.713258-05') ON CONFLICT (id) DO UPDATE SET asset_name = EXCLUDED.asset_name, ownership = EXCLUDED.ownership, asset_type = EXCLUDED.asset_type, asset_alias = EXCLUDED.asset_alias, market_name = EXCLUDED.market_name, market_area = EXCLUDED.market_area, tenants = EXCLUDED.tenants, address = EXCLUDED.address, created_at = EXCLUDED.created_at;
INSERT INTO public.asset (id, asset_name, ownership, asset_type, asset_alias, market_name, market_area, tenants, address, created_at) VALUES (270, 'Alliance Gateway 53', 'Stonepeak', 'Industrial', 'GW53', 'AllianceTexas', 'Gateway North', 'Bridgestone Americas Tire Operations', '501 Henrietta Creek Road, Roanoke, Texas 76262', '2026-05-20 08:51:27.713258-05') ON CONFLICT (id) DO UPDATE SET asset_name = EXCLUDED.asset_name, ownership = EXCLUDED.ownership, asset_type = EXCLUDED.asset_type, asset_alias = EXCLUDED.asset_alias, market_name = EXCLUDED.market_name, market_area = EXCLUDED.market_area, tenants = EXCLUDED.tenants, address = EXCLUDED.address, created_at = EXCLUDED.created_at;
INSERT INTO public.asset (id, asset_name, ownership, asset_type, asset_alias, market_name, market_area, tenants, address, created_at) VALUES (271, 'Alliance Gateway 61', 'Stonepeak', 'Industrial', 'GW61', 'AllianceTexas', 'Gateway North', 'Bridgestone Americas Tire Operations', '600 Gateway Parkway, Roanoke, Texas 76262', '2026-05-20 08:51:27.713258-05') ON CONFLICT (id) DO UPDATE SET asset_name = EXCLUDED.asset_name, ownership = EXCLUDED.ownership, asset_type = EXCLUDED.asset_type, asset_alias = EXCLUDED.asset_alias, market_name = EXCLUDED.market_name, market_area = EXCLUDED.market_area, tenants = EXCLUDED.tenants, address = EXCLUDED.address, created_at = EXCLUDED.created_at;
INSERT INTO public.asset (id, asset_name, ownership, asset_type, asset_alias, market_name, market_area, tenants, address, created_at) VALUES (272, 'Alliance Center North 1', 'Tishman Realty', 'Industrial', 'ACN1', 'AllianceTexas', 'Alliance Center North', 'LG Electronics Alabama, Inc', '14901 North Beach Street, Roanoke, Texas 76262', '2026-05-20 08:51:27.713258-05') ON CONFLICT (id) DO UPDATE SET asset_name = EXCLUDED.asset_name, ownership = EXCLUDED.ownership, asset_type = EXCLUDED.asset_type, asset_alias = EXCLUDED.asset_alias, market_name = EXCLUDED.market_name, market_area = EXCLUDED.market_area, tenants = EXCLUDED.tenants, address = EXCLUDED.address, created_at = EXCLUDED.created_at;


--
-- Data for Name: asset_custom; Type: TABLE DATA; Schema: public; Owner: -
--



--
-- Data for Name: no_action_email_patterns; Type: TABLE DATA; Schema: public; Owner: -
--

INSERT INTO public.no_action_email_patterns (pattern_id, pattern_name, sender_email_equals, sender_domain_equals, subject_regex, body_regex, reason_template, priority, enabled, effective_start, effective_end, created_at, updated_at) VALUES ('79e9c3b7-1d60-4b70-b982-ff5929902f60', 'proofpoint_end_user_digest', 'noreply-digest@hillwood.com', 'hillwood.com', 'Spam', NULL, 'Proofpoint end-user digest notification with no AP routing action required', 100, true, '2026-05-13', NULL, '2026-05-13 10:56:35.19164-05', '2026-05-20 10:01:01.773525-05') ON CONFLICT (pattern_id) DO UPDATE SET pattern_name = EXCLUDED.pattern_name, sender_email_equals = EXCLUDED.sender_email_equals, sender_domain_equals = EXCLUDED.sender_domain_equals, subject_regex = EXCLUDED.subject_regex, body_regex = EXCLUDED.body_regex, reason_template = EXCLUDED.reason_template, priority = EXCLUDED.priority, enabled = EXCLUDED.enabled, effective_start = EXCLUDED.effective_start, effective_end = EXCLUDED.effective_end, created_at = EXCLUDED.created_at, updated_at = EXCLUDED.updated_at;
INSERT INTO public.no_action_email_patterns (pattern_id, pattern_name, sender_email_equals, sender_domain_equals, subject_regex, body_regex, reason_template, priority, enabled, effective_start, effective_end, created_at, updated_at) VALUES ('7248b809-e4af-49c5-997b-ca1ee7d5f348', 'Quarantined Emails', 'NoReply@hillwood.com', 'hillwood.com', 'Spam', NULL, 'Quarantined Emails', 200, true, '2026-05-13', NULL, '2026-05-13 10:56:35.191-05', '2026-05-20 10:01:01.773-05') ON CONFLICT (pattern_id) DO UPDATE SET pattern_name = EXCLUDED.pattern_name, sender_email_equals = EXCLUDED.sender_email_equals, sender_domain_equals = EXCLUDED.sender_domain_equals, subject_regex = EXCLUDED.subject_regex, body_regex = EXCLUDED.body_regex, reason_template = EXCLUDED.reason_template, priority = EXCLUDED.priority, enabled = EXCLUDED.enabled, effective_start = EXCLUDED.effective_start, effective_end = EXCLUDED.effective_end, created_at = EXCLUDED.created_at, updated_at = EXCLUDED.updated_at;


--
-- Data for Name: runtime_config; Type: TABLE DATA; Schema: public; Owner: -
--

INSERT INTO public.runtime_config (config_key, config_value, description, created_at, updated_at) VALUES ('property_match_top_n', '5', 'Number of fuzzy property candidates retrieved per invoice.', '2026-05-14 09:16:55.856414-05', '2026-05-20 10:01:01.643267-05') ON CONFLICT (config_key) DO UPDATE SET config_value = EXCLUDED.config_value, description = EXCLUDED.description, created_at = EXCLUDED.created_at, updated_at = EXCLUDED.updated_at;
INSERT INTO public.runtime_config (config_key, config_value, description, created_at, updated_at) VALUES ('property_match_min_score', '0.45', 'Minimum trigram similarity score required for deterministic property match gating.', '2026-05-14 09:16:55.856414-05', '2026-05-20 10:01:01.643267-05') ON CONFLICT (config_key) DO UPDATE SET config_value = EXCLUDED.config_value, description = EXCLUDED.description, created_at = EXCLUDED.created_at, updated_at = EXCLUDED.updated_at;
INSERT INTO public.runtime_config (config_key, config_value, description, created_at, updated_at) VALUES ('amount_review_threshold', '10000', 'Invoices above this amount are filed to lien release for hold by default.', '2026-05-07 12:51:31.028467-05', '2026-05-20 10:01:01.643267-05') ON CONFLICT (config_key) DO UPDATE SET config_value = EXCLUDED.config_value, description = EXCLUDED.description, created_at = EXCLUDED.created_at, updated_at = EXCLUDED.updated_at;
INSERT INTO public.runtime_config (config_key, config_value, description, created_at, updated_at) VALUES ('statement_outcome', '"FILE"', 'Default local statement handling outcome.', '2026-05-07 12:51:31.028467-05', '2026-05-20 10:01:01.643267-05') ON CONFLICT (config_key) DO UPDATE SET config_value = EXCLUDED.config_value, description = EXCLUDED.description, created_at = EXCLUDED.created_at, updated_at = EXCLUDED.updated_at;
INSERT INTO public.runtime_config (config_key, config_value, description, created_at, updated_at) VALUES ('default_review_destination', '"REVIEW_QUEUE"', 'Default destination for human review.', '2026-05-07 12:51:31.028467-05', '2026-05-20 10:01:01.643267-05') ON CONFLICT (config_key) DO UPDATE SET config_value = EXCLUDED.config_value, description = EXCLUDED.description, created_at = EXCLUDED.created_at, updated_at = EXCLUDED.updated_at;
INSERT INTO public.runtime_config (config_key, config_value, description, created_at, updated_at) VALUES ('property_match_min_margin', '0.08', 'Minimum score margin between top and runner-up property candidates.', '2026-05-14 09:16:55.856414-05', '2026-05-15 12:03:40.086421-05') ON CONFLICT (config_key) DO UPDATE SET config_value = EXCLUDED.config_value, description = EXCLUDED.description, created_at = EXCLUDED.created_at, updated_at = EXCLUDED.updated_at;
INSERT INTO public.runtime_config (config_key, config_value, description, created_at, updated_at) VALUES ('app_env', '"LOCAL"', 'Default local runtime environment.', '2026-05-07 12:51:31.028467-05', '2026-05-20 10:01:01.643267-05') ON CONFLICT (config_key) DO UPDATE SET config_value = EXCLUDED.config_value, description = EXCLUDED.description, created_at = EXCLUDED.created_at, updated_at = EXCLUDED.updated_at;
INSERT INTO public.runtime_config (config_key, config_value, description, created_at, updated_at) VALUES ('confidence_threshold', '0.90', 'Minimum extraction confidence for automatic routing.', '2026-05-07 12:51:31.028467-05', '2026-05-20 10:01:01.643267-05') ON CONFLICT (config_key) DO UPDATE SET config_value = EXCLUDED.config_value, description = EXCLUDED.description, created_at = EXCLUDED.created_at, updated_at = EXCLUDED.updated_at;


--
-- Data for Name: workflow_rules; Type: TABLE DATA; Schema: public; Owner: -
--

INSERT INTO public.workflow_rules (rule_code, rule_name, priority, enabled, condition_type, outcome, destination_code, reason_template, effective_start, effective_end, version, created_at, updated_at) VALUES ('hard_no_action_email_pattern', 'Automated non-AP notification requires no action', 112, true, 'email_pattern_match', 'DISCARD', 'NO_ACTION', 'Matched configured non-AP automated email pattern -> DISCARD', '2026-05-13', NULL, 1, '2026-05-13 10:56:35.19164-05', '2026-05-28 09:36:41.378268-05') ON CONFLICT (rule_code) DO UPDATE SET rule_name = EXCLUDED.rule_name, priority = EXCLUDED.priority, enabled = EXCLUDED.enabled, condition_type = EXCLUDED.condition_type, outcome = EXCLUDED.outcome, destination_code = EXCLUDED.destination_code, reason_template = EXCLUDED.reason_template, effective_start = EXCLUDED.effective_start, effective_end = EXCLUDED.effective_end, version = EXCLUDED.version, created_at = EXCLUDED.created_at, updated_at = EXCLUDED.updated_at;
INSERT INTO public.workflow_rules (rule_code, rule_name, priority, enabled, condition_type, outcome, destination_code, reason_template, effective_start, effective_end, version, created_at, updated_at) VALUES ('check_request_medius_property', 'Check request for Medius property routes to Medius', 250, true, 'check_request_property_routing', 'AUTO', NULL, 'Check request matched configured Medius property destination -> AUTO', '2026-05-27', NULL, 1, '2026-05-27 08:46:26.102553-05', '2026-05-28 12:00:41.543369-05') ON CONFLICT (rule_code) DO UPDATE SET rule_name = EXCLUDED.rule_name, priority = EXCLUDED.priority, enabled = EXCLUDED.enabled, condition_type = EXCLUDED.condition_type, outcome = EXCLUDED.outcome, destination_code = EXCLUDED.destination_code, reason_template = EXCLUDED.reason_template, effective_start = EXCLUDED.effective_start, effective_end = EXCLUDED.effective_end, version = EXCLUDED.version, created_at = EXCLUDED.created_at, updated_at = EXCLUDED.updated_at;
INSERT INTO public.workflow_rules (rule_code, rule_name, priority, enabled, condition_type, outcome, destination_code, reason_template, effective_start, effective_end, version, created_at, updated_at) VALUES ('hard_multi_invoice_pdf', 'Multi-invoice PDF requires manual split', 100, true, 'document_flag', 'ESCALATE', 'ESCALATE_MULTI_INVOICE_PDF', 'Attachment appears to contain multiple invoices -> ESCALATE with MULTI-INVOICE-PDF label', '2026-05-07', NULL, 1, '2026-05-07 12:51:31.031443-05', '2026-05-28 09:36:41.378268-05') ON CONFLICT (rule_code) DO UPDATE SET rule_name = EXCLUDED.rule_name, priority = EXCLUDED.priority, enabled = EXCLUDED.enabled, condition_type = EXCLUDED.condition_type, outcome = EXCLUDED.outcome, destination_code = EXCLUDED.destination_code, reason_template = EXCLUDED.reason_template, effective_start = EXCLUDED.effective_start, effective_end = EXCLUDED.effective_end, version = EXCLUDED.version, created_at = EXCLUDED.created_at, updated_at = EXCLUDED.updated_at;
INSERT INTO public.workflow_rules (rule_code, rule_name, priority, enabled, condition_type, outcome, destination_code, reason_template, effective_start, effective_end, version, created_at, updated_at) VALUES ('hard_past_due_notice', 'Past due invoice notice requires escalation', 119, true, 'document_flag', 'ESCALATE', 'ESCALATE_PAST_DUE', 'Past due or overdue invoice notice -> ESCALATE with PAST-DUE label', '2026-05-15', NULL, 1, '2026-05-15 15:42:26.210881-05', '2026-05-28 09:36:41.378268-05') ON CONFLICT (rule_code) DO UPDATE SET rule_name = EXCLUDED.rule_name, priority = EXCLUDED.priority, enabled = EXCLUDED.enabled, condition_type = EXCLUDED.condition_type, outcome = EXCLUDED.outcome, destination_code = EXCLUDED.destination_code, reason_template = EXCLUDED.reason_template, effective_start = EXCLUDED.effective_start, effective_end = EXCLUDED.effective_end, version = EXCLUDED.version, created_at = EXCLUDED.created_at, updated_at = EXCLUDED.updated_at;
INSERT INTO public.workflow_rules (rule_code, rule_name, priority, enabled, condition_type, outcome, destination_code, reason_template, effective_start, effective_end, version, created_at, updated_at) VALUES ('duplicate_candidate', 'Duplicate candidate requires escalation', 200, true, 'duplicate_check', 'ESCALATE', 'ESCALATE_DUPLICATE_SUSPECTED', 'Duplicate candidate found in audit history -> ESCALATE with DUPLICATE-SUSPECTED label', '2026-05-07', NULL, 1, '2026-05-07 12:51:31.031443-05', '2026-05-28 09:36:41.378268-05') ON CONFLICT (rule_code) DO UPDATE SET rule_name = EXCLUDED.rule_name, priority = EXCLUDED.priority, enabled = EXCLUDED.enabled, condition_type = EXCLUDED.condition_type, outcome = EXCLUDED.outcome, destination_code = EXCLUDED.destination_code, reason_template = EXCLUDED.reason_template, effective_start = EXCLUDED.effective_start, effective_end = EXCLUDED.effective_end, version = EXCLUDED.version, created_at = EXCLUDED.created_at, updated_at = EXCLUDED.updated_at;
INSERT INTO public.workflow_rules (rule_code, rule_name, priority, enabled, condition_type, outcome, destination_code, reason_template, effective_start, effective_end, version, created_at, updated_at) VALUES ('alc_escalation', 'ALC requires escalation', 300, false, 'alc_signal', 'ESCALATE', 'ESCALATE_ALC', 'ALC signal requires manual escalation -> ESCALATE with ALC label', '2026-05-21', '2026-06-04', 1, '2026-05-26 08:25:05.564052-05', '2026-06-04 15:07:46.078688-05') ON CONFLICT (rule_code) DO UPDATE SET rule_name = EXCLUDED.rule_name, priority = EXCLUDED.priority, enabled = EXCLUDED.enabled, condition_type = EXCLUDED.condition_type, outcome = EXCLUDED.outcome, destination_code = EXCLUDED.destination_code, reason_template = EXCLUDED.reason_template, effective_start = EXCLUDED.effective_start, effective_end = EXCLUDED.effective_end, version = EXCLUDED.version, created_at = EXCLUDED.created_at, updated_at = EXCLUDED.updated_at;
INSERT INTO public.workflow_rules (rule_code, rule_name, priority, enabled, condition_type, outcome, destination_code, reason_template, effective_start, effective_end, version, created_at, updated_at) VALUES ('hard_invoice_plus_lien_waiver', 'Superseded invoice plus lien waiver merge rule', 111, false, 'document_flag', 'ESCALATE', 'ESCALATE_MULTI_PDF_MERGE', 'Superseded by hard_separate_lien_waiver', '2026-05-07', NULL, 2, '2026-05-07 12:51:31.031443-05', '2026-05-28 09:36:41.378268-05') ON CONFLICT (rule_code) DO UPDATE SET rule_name = EXCLUDED.rule_name, priority = EXCLUDED.priority, enabled = EXCLUDED.enabled, condition_type = EXCLUDED.condition_type, outcome = EXCLUDED.outcome, destination_code = EXCLUDED.destination_code, reason_template = EXCLUDED.reason_template, effective_start = EXCLUDED.effective_start, effective_end = EXCLUDED.effective_end, version = EXCLUDED.version, created_at = EXCLUDED.created_at, updated_at = EXCLUDED.updated_at;
INSERT INTO public.workflow_rules (rule_code, rule_name, priority, enabled, condition_type, outcome, destination_code, reason_template, effective_start, effective_end, version, created_at, updated_at) VALUES ('hard_wrong_file_type', 'Image or Excel attachment requires escalation', 115, true, 'attachment_extension', 'ESCALATE', 'ESCALATE_WRONG_FILE_TYPE', 'Attachment file type is not supported for AP invoice routing -> ESCALATE with WRONG-FILE-TYPE label', '2026-05-13', NULL, 1, '2026-05-13 12:06:44.497094-05', '2026-06-17 12:41:02.918411-05') ON CONFLICT (rule_code) DO UPDATE SET rule_name = EXCLUDED.rule_name, priority = EXCLUDED.priority, enabled = EXCLUDED.enabled, condition_type = EXCLUDED.condition_type, outcome = EXCLUDED.outcome, destination_code = EXCLUDED.destination_code, reason_template = EXCLUDED.reason_template, effective_start = EXCLUDED.effective_start, effective_end = EXCLUDED.effective_end, version = EXCLUDED.version, created_at = EXCLUDED.created_at, updated_at = EXCLUDED.updated_at;
INSERT INTO public.workflow_rules (rule_code, rule_name, priority, enabled, condition_type, outcome, destination_code, reason_template, effective_start, effective_end, version, created_at, updated_at) VALUES ('hard_link_only_invoice', 'Link-only invoice requires escalation', 120, true, 'document_flag', 'ESCALATE', 'ESCALATE_LINK_ONLY', 'Invoice is only available by link -> ESCALATE with LINK-ONLY label', '2026-05-07', NULL, 1, '2026-05-07 12:51:31.031443-05', '2026-05-28 09:36:41.378268-05') ON CONFLICT (rule_code) DO UPDATE SET rule_name = EXCLUDED.rule_name, priority = EXCLUDED.priority, enabled = EXCLUDED.enabled, condition_type = EXCLUDED.condition_type, outcome = EXCLUDED.outcome, destination_code = EXCLUDED.destination_code, reason_template = EXCLUDED.reason_template, effective_start = EXCLUDED.effective_start, effective_end = EXCLUDED.effective_end, version = EXCLUDED.version, created_at = EXCLUDED.created_at, updated_at = EXCLUDED.updated_at;
INSERT INTO public.workflow_rules (rule_code, rule_name, priority, enabled, condition_type, outcome, destination_code, reason_template, effective_start, effective_end, version, created_at, updated_at) VALUES ('hard_contract_or_pay_app', 'Contract or pay application requires escalation', 130, true, 'document_type', 'ESCALATE', 'ESCALATE_CONTRACT_PAY_APP', 'High-risk document type requires human escalation -> ESCALATE with CONTRACT-PAY-APP label', '2026-05-07', NULL, 1, '2026-05-07 12:51:31.031443-05', '2026-05-28 09:36:41.378268-05') ON CONFLICT (rule_code) DO UPDATE SET rule_name = EXCLUDED.rule_name, priority = EXCLUDED.priority, enabled = EXCLUDED.enabled, condition_type = EXCLUDED.condition_type, outcome = EXCLUDED.outcome, destination_code = EXCLUDED.destination_code, reason_template = EXCLUDED.reason_template, effective_start = EXCLUDED.effective_start, effective_end = EXCLUDED.effective_end, version = EXCLUDED.version, created_at = EXCLUDED.created_at, updated_at = EXCLUDED.updated_at;
INSERT INTO public.workflow_rules (rule_code, rule_name, priority, enabled, condition_type, outcome, destination_code, reason_template, effective_start, effective_end, version, created_at, updated_at) VALUES ('hard_vendor_inquiry', 'Vendor question or payment inquiry requires escalation', 140, true, 'document_flag', 'ESCALATE', 'ESCALATE_VENDOR_QUESTION', 'Vendor inquiry requires research or response -> ESCALATE with VENDOR-QUESTION label', '2026-05-07', NULL, 1, '2026-05-07 12:51:31.031443-05', '2026-05-28 09:36:41.378268-05') ON CONFLICT (rule_code) DO UPDATE SET rule_name = EXCLUDED.rule_name, priority = EXCLUDED.priority, enabled = EXCLUDED.enabled, condition_type = EXCLUDED.condition_type, outcome = EXCLUDED.outcome, destination_code = EXCLUDED.destination_code, reason_template = EXCLUDED.reason_template, effective_start = EXCLUDED.effective_start, effective_end = EXCLUDED.effective_end, version = EXCLUDED.version, created_at = EXCLUDED.created_at, updated_at = EXCLUDED.updated_at;
INSERT INTO public.workflow_rules (rule_code, rule_name, priority, enabled, condition_type, outcome, destination_code, reason_template, effective_start, effective_end, version, created_at, updated_at) VALUES ('hard_wrong_destination', 'Wrong destination reply requires escalation', 142, true, 'document_flag', 'ESCALATE', 'ESCALATE_WRONG_DESTINATION', 'Recipient reports wrong destination -> ESCALATE with WRONG-DESTINATION label', '2026-05-20', NULL, 1, '2026-05-20 09:21:14.753496-05', '2026-05-28 09:36:41.378268-05') ON CONFLICT (rule_code) DO UPDATE SET rule_name = EXCLUDED.rule_name, priority = EXCLUDED.priority, enabled = EXCLUDED.enabled, condition_type = EXCLUDED.condition_type, outcome = EXCLUDED.outcome, destination_code = EXCLUDED.destination_code, reason_template = EXCLUDED.reason_template, effective_start = EXCLUDED.effective_start, effective_end = EXCLUDED.effective_end, version = EXCLUDED.version, created_at = EXCLUDED.created_at, updated_at = EXCLUDED.updated_at;
INSERT INTO public.workflow_rules (rule_code, rule_name, priority, enabled, condition_type, outcome, destination_code, reason_template, effective_start, effective_end, version, created_at, updated_at) VALUES ('informational_property_notice', 'Informational property notice routes to property destination', 350, true, 'informational_property_notice', 'AUTO', NULL, 'Informational property notice matched configured property destination -> AUTO', '2026-05-15', NULL, 1, '2026-05-15 15:43:32.32208-05', '2026-05-28 09:36:41.378268-05') ON CONFLICT (rule_code) DO UPDATE SET rule_name = EXCLUDED.rule_name, priority = EXCLUDED.priority, enabled = EXCLUDED.enabled, condition_type = EXCLUDED.condition_type, outcome = EXCLUDED.outcome, destination_code = EXCLUDED.destination_code, reason_template = EXCLUDED.reason_template, effective_start = EXCLUDED.effective_start, effective_end = EXCLUDED.effective_end, version = EXCLUDED.version, created_at = EXCLUDED.created_at, updated_at = EXCLUDED.updated_at;
INSERT INTO public.workflow_rules (rule_code, rule_name, priority, enabled, condition_type, outcome, destination_code, reason_template, effective_start, effective_end, version, created_at, updated_at) VALUES ('amount_over_threshold', 'Invoice amount over configured threshold without qualifying project number exemption', 400, true, 'amount_threshold', 'ESCALATE', 'ESCALATE_OVER_10000', 'Invoice amount exceeds configured threshold and normal destination is not Medius Properties with project number -> ESCALATE with OVER-10000 label', '2026-05-27', NULL, 2, '2026-05-07 12:51:31.031443-05', '2026-05-28 09:36:41.378268-05') ON CONFLICT (rule_code) DO UPDATE SET rule_name = EXCLUDED.rule_name, priority = EXCLUDED.priority, enabled = EXCLUDED.enabled, condition_type = EXCLUDED.condition_type, outcome = EXCLUDED.outcome, destination_code = EXCLUDED.destination_code, reason_template = EXCLUDED.reason_template, effective_start = EXCLUDED.effective_start, effective_end = EXCLUDED.effective_end, version = EXCLUDED.version, created_at = EXCLUDED.created_at, updated_at = EXCLUDED.updated_at;
INSERT INTO public.workflow_rules (rule_code, rule_name, priority, enabled, condition_type, outcome, destination_code, reason_template, effective_start, effective_end, version, created_at, updated_at) VALUES ('statement_file', 'Statement or account summary is filed', 500, true, 'document_type', 'FILE', 'FOLDER_STATEMENTS', 'Statement or account summary -> FILE', '2026-05-07', NULL, 1, '2026-05-07 12:51:31.031443-05', '2026-05-28 09:36:41.378268-05') ON CONFLICT (rule_code) DO UPDATE SET rule_name = EXCLUDED.rule_name, priority = EXCLUDED.priority, enabled = EXCLUDED.enabled, condition_type = EXCLUDED.condition_type, outcome = EXCLUDED.outcome, destination_code = EXCLUDED.destination_code, reason_template = EXCLUDED.reason_template, effective_start = EXCLUDED.effective_start, effective_end = EXCLUDED.effective_end, version = EXCLUDED.version, created_at = EXCLUDED.created_at, updated_at = EXCLUDED.updated_at;
INSERT INTO public.workflow_rules (rule_code, rule_name, priority, enabled, condition_type, outcome, destination_code, reason_template, effective_start, effective_end, version, created_at, updated_at) VALUES ('hard_pdf_required_unreadable', 'Required invoice PDF is unreadable', 117, true, 'pre_decision_fact', 'ESCALATE', 'ESCALATE_GENERAL', 'Required invoice PDF could not be deterministically read -> ESCALATE', '2026-05-13', NULL, 1, '2026-05-20 10:35:34.599045-05', '2026-05-28 09:36:41.378268-05') ON CONFLICT (rule_code) DO UPDATE SET rule_name = EXCLUDED.rule_name, priority = EXCLUDED.priority, enabled = EXCLUDED.enabled, condition_type = EXCLUDED.condition_type, outcome = EXCLUDED.outcome, destination_code = EXCLUDED.destination_code, reason_template = EXCLUDED.reason_template, effective_start = EXCLUDED.effective_start, effective_end = EXCLUDED.effective_end, version = EXCLUDED.version, created_at = EXCLUDED.created_at, updated_at = EXCLUDED.updated_at;
INSERT INTO public.workflow_rules (rule_code, rule_name, priority, enabled, condition_type, outcome, destination_code, reason_template, effective_start, effective_end, version, created_at, updated_at) VALUES ('hard_pdf_text_low_quality', 'Invoice PDF text quality is low', 118, true, 'pre_decision_fact', 'ESCALATE', 'ESCALATE_GENERAL', 'Deterministic PDF text quality is too low for safe routing -> ESCALATE', '2026-05-13', NULL, 1, '2026-05-20 10:35:34.599045-05', '2026-05-28 09:36:41.378268-05') ON CONFLICT (rule_code) DO UPDATE SET rule_name = EXCLUDED.rule_name, priority = EXCLUDED.priority, enabled = EXCLUDED.enabled, condition_type = EXCLUDED.condition_type, outcome = EXCLUDED.outcome, destination_code = EXCLUDED.destination_code, reason_template = EXCLUDED.reason_template, effective_start = EXCLUDED.effective_start, effective_end = EXCLUDED.effective_end, version = EXCLUDED.version, created_at = EXCLUDED.created_at, updated_at = EXCLUDED.updated_at;
INSERT INTO public.workflow_rules (rule_code, rule_name, priority, enabled, condition_type, outcome, destination_code, reason_template, effective_start, effective_end, version, created_at, updated_at) VALUES ('hard_mixed_item_destinations', 'Multiple document items disagree on routing', 148, true, 'aggregation_mixed_destinations', 'ESCALATE', 'ESCALATE_SPLIT_MULTI_PDF', 'Multiple extracted document items resolved to different outcomes or destinations -> ESCALATE with SPLIT-MULTI-PDF label', '2026-05-27', NULL, 2, '2026-05-22 13:44:57.536204-05', '2026-05-28 09:36:41.378268-05') ON CONFLICT (rule_code) DO UPDATE SET rule_name = EXCLUDED.rule_name, priority = EXCLUDED.priority, enabled = EXCLUDED.enabled, condition_type = EXCLUDED.condition_type, outcome = EXCLUDED.outcome, destination_code = EXCLUDED.destination_code, reason_template = EXCLUDED.reason_template, effective_start = EXCLUDED.effective_start, effective_end = EXCLUDED.effective_end, version = EXCLUDED.version, created_at = EXCLUDED.created_at, updated_at = EXCLUDED.updated_at;
INSERT INTO public.workflow_rules (rule_code, rule_name, priority, enabled, condition_type, outcome, destination_code, reason_template, effective_start, effective_end, version, created_at, updated_at) VALUES ('hard_check_request', 'Check request requires escalation', 260, true, 'document_type', 'ESCALATE', 'ESCALATE_CHECK_REQUEST', 'Check request requires human escalation -> ESCALATE', '2026-05-12', NULL, 1, '2026-05-20 10:35:34.599045-05', '2026-05-28 12:00:41.543369-05') ON CONFLICT (rule_code) DO UPDATE SET rule_name = EXCLUDED.rule_name, priority = EXCLUDED.priority, enabled = EXCLUDED.enabled, condition_type = EXCLUDED.condition_type, outcome = EXCLUDED.outcome, destination_code = EXCLUDED.destination_code, reason_template = EXCLUDED.reason_template, effective_start = EXCLUDED.effective_start, effective_end = EXCLUDED.effective_end, version = EXCLUDED.version, created_at = EXCLUDED.created_at, updated_at = EXCLUDED.updated_at;
INSERT INTO public.workflow_rules (rule_code, rule_name, priority, enabled, condition_type, outcome, destination_code, reason_template, effective_start, effective_end, version, created_at, updated_at) VALUES ('hard_current_reply_no_action', 'Short current reply requires no AP action', 114, true, 'current_reply_no_action', 'DISCARD', 'NO_ACTION', 'Short current reply contains acknowledgement or social reply only -> DISCARD', '2026-06-02', NULL, 1, '2026-06-02 09:20:56.192903-05', '2026-06-02 09:20:56.192903-05') ON CONFLICT (rule_code) DO UPDATE SET rule_name = EXCLUDED.rule_name, priority = EXCLUDED.priority, enabled = EXCLUDED.enabled, condition_type = EXCLUDED.condition_type, outcome = EXCLUDED.outcome, destination_code = EXCLUDED.destination_code, reason_template = EXCLUDED.reason_template, effective_start = EXCLUDED.effective_start, effective_end = EXCLUDED.effective_end, version = EXCLUDED.version, created_at = EXCLUDED.created_at, updated_at = EXCLUDED.updated_at;
INSERT INTO public.workflow_rules (rule_code, rule_name, priority, enabled, condition_type, outcome, destination_code, reason_template, effective_start, effective_end, version, created_at, updated_at) VALUES ('appointment_informational_notice', 'Appointment informational notice requires no action', 116, true, 'observed_fact', 'DISCARD', 'NO_ACTION', 'LLM classified current email as informational appointment notice -> DISCARD', '2026-06-03', NULL, 1, '2026-06-03 15:17:48.725876-05', '2026-06-03 15:17:48.725876-05') ON CONFLICT (rule_code) DO UPDATE SET rule_name = EXCLUDED.rule_name, priority = EXCLUDED.priority, enabled = EXCLUDED.enabled, condition_type = EXCLUDED.condition_type, outcome = EXCLUDED.outcome, destination_code = EXCLUDED.destination_code, reason_template = EXCLUDED.reason_template, effective_start = EXCLUDED.effective_start, effective_end = EXCLUDED.effective_end, version = EXCLUDED.version, created_at = EXCLUDED.created_at, updated_at = EXCLUDED.updated_at;
INSERT INTO public.workflow_rules (rule_code, rule_name, priority, enabled, condition_type, outcome, destination_code, reason_template, effective_start, effective_end, version, created_at, updated_at) VALUES ('bill_to_alc', 'ALC bill-to routes to Medius ALC', 600, false, 'bill_to_business_unit', 'AUTO', 'MEDIUS_ALC', 'Bill-to indicates ALC -> AUTO', '2026-05-07', '2026-06-04', 1, '2026-05-07 12:51:31.031443-05', '2026-06-04 15:07:46.078688-05') ON CONFLICT (rule_code) DO UPDATE SET rule_name = EXCLUDED.rule_name, priority = EXCLUDED.priority, enabled = EXCLUDED.enabled, condition_type = EXCLUDED.condition_type, outcome = EXCLUDED.outcome, destination_code = EXCLUDED.destination_code, reason_template = EXCLUDED.reason_template, effective_start = EXCLUDED.effective_start, effective_end = EXCLUDED.effective_end, version = EXCLUDED.version, created_at = EXCLUDED.created_at, updated_at = EXCLUDED.updated_at;
INSERT INTO public.workflow_rules (rule_code, rule_name, priority, enabled, condition_type, outcome, destination_code, reason_template, effective_start, effective_end, version, created_at, updated_at) VALUES ('hard_contractor_timesheet_no_invoice', 'Contractor timesheet without invoice requires escalation', 125, true, 'document_flag', 'ESCALATE', 'ESCALATE_CONTRACTOR_TIMESHEET', 'Contractor timesheet or time-detail document has no invoice in the run -> ESCALATE with CONTRACTOR-TIMESHEET label', '2026-06-04', NULL, 1, '2026-06-04 15:36:44.263032-05', '2026-06-04 15:36:44.263032-05') ON CONFLICT (rule_code) DO UPDATE SET rule_name = EXCLUDED.rule_name, priority = EXCLUDED.priority, enabled = EXCLUDED.enabled, condition_type = EXCLUDED.condition_type, outcome = EXCLUDED.outcome, destination_code = EXCLUDED.destination_code, reason_template = EXCLUDED.reason_template, effective_start = EXCLUDED.effective_start, effective_end = EXCLUDED.effective_end, version = EXCLUDED.version, created_at = EXCLUDED.created_at, updated_at = EXCLUDED.updated_at;
INSERT INTO public.workflow_rules (rule_code, rule_name, priority, enabled, condition_type, outcome, destination_code, reason_template, effective_start, effective_end, version, created_at, updated_at) VALUES ('asset_type_multifamily', 'Multifamily asset routes to Medius MF', 375, true, 'property_asset_type', 'AUTO', 'MEDIUS_MF', 'Matched asset type is Multifamily -> AUTO to Medius MF', '2026-06-11', NULL, 3, '2026-05-20 10:01:01.750829-05', '2026-06-12 08:09:02.152221-05') ON CONFLICT (rule_code) DO UPDATE SET rule_name = EXCLUDED.rule_name, priority = EXCLUDED.priority, enabled = EXCLUDED.enabled, condition_type = EXCLUDED.condition_type, outcome = EXCLUDED.outcome, destination_code = EXCLUDED.destination_code, reason_template = EXCLUDED.reason_template, effective_start = EXCLUDED.effective_start, effective_end = EXCLUDED.effective_end, version = EXCLUDED.version, created_at = EXCLUDED.created_at, updated_at = EXCLUDED.updated_at;
INSERT INTO public.workflow_rules (rule_code, rule_name, priority, enabled, condition_type, outcome, destination_code, reason_template, effective_start, effective_end, version, created_at, updated_at) VALUES ('ach_notice_file', 'ACH or auto-draft notice is filed', 520, true, 'document_type', 'FILE', 'FOLDER_ACH', 'ACH or auto-draft notice -> FILE', '2026-05-07', NULL, 1, '2026-05-07 16:45:46.2355-05', '2026-05-28 09:36:41.378268-05') ON CONFLICT (rule_code) DO UPDATE SET rule_name = EXCLUDED.rule_name, priority = EXCLUDED.priority, enabled = EXCLUDED.enabled, condition_type = EXCLUDED.condition_type, outcome = EXCLUDED.outcome, destination_code = EXCLUDED.destination_code, reason_template = EXCLUDED.reason_template, effective_start = EXCLUDED.effective_start, effective_end = EXCLUDED.effective_end, version = EXCLUDED.version, created_at = EXCLUDED.created_at, updated_at = EXCLUDED.updated_at;
INSERT INTO public.workflow_rules (rule_code, rule_name, priority, enabled, condition_type, outcome, destination_code, reason_template, effective_start, effective_end, version, created_at, updated_at) VALUES ('ben_e_keith_notice_file', 'Ben E Keith notice is filed', 113, true, 'document_flag', 'FILE', 'FOLDER_BEN_E_KEITH', 'Ben E Keith notice -> FILE', '2026-05-07', NULL, 1, '2026-05-07 16:45:46.2355-05', '2026-05-28 09:36:41.378268-05') ON CONFLICT (rule_code) DO UPDATE SET rule_name = EXCLUDED.rule_name, priority = EXCLUDED.priority, enabled = EXCLUDED.enabled, condition_type = EXCLUDED.condition_type, outcome = EXCLUDED.outcome, destination_code = EXCLUDED.destination_code, reason_template = EXCLUDED.reason_template, effective_start = EXCLUDED.effective_start, effective_end = EXCLUDED.effective_end, version = EXCLUDED.version, created_at = EXCLUDED.created_at, updated_at = EXCLUDED.updated_at;
INSERT INTO public.workflow_rules (rule_code, rule_name, priority, enabled, condition_type, outcome, destination_code, reason_template, effective_start, effective_end, version, created_at, updated_at) VALUES ('bill_to_mf', 'Multifamily bill-to routes to Medius MF', 610, false, 'bill_to_business_unit', 'AUTO', 'MEDIUS_MF', 'Bill-to indicates Multifamily -> AUTO', '2026-05-07', NULL, 1, '2026-05-07 12:51:31.031443-05', '2026-05-28 09:36:41.378268-05') ON CONFLICT (rule_code) DO UPDATE SET rule_name = EXCLUDED.rule_name, priority = EXCLUDED.priority, enabled = EXCLUDED.enabled, condition_type = EXCLUDED.condition_type, outcome = EXCLUDED.outcome, destination_code = EXCLUDED.destination_code, reason_template = EXCLUDED.reason_template, effective_start = EXCLUDED.effective_start, effective_end = EXCLUDED.effective_end, version = EXCLUDED.version, created_at = EXCLUDED.created_at, updated_at = EXCLUDED.updated_at;
INSERT INTO public.workflow_rules (rule_code, rule_name, priority, enabled, condition_type, outcome, destination_code, reason_template, effective_start, effective_end, version, created_at, updated_at) VALUES ('property_routing_match', 'Property routing table match', 700, true, 'property_routing_match', 'AUTO', NULL, 'Property matched configured routing destination -> AUTO', '2026-05-07', NULL, 1, '2026-05-07 12:51:31.031443-05', '2026-05-28 09:36:41.378268-05') ON CONFLICT (rule_code) DO UPDATE SET rule_name = EXCLUDED.rule_name, priority = EXCLUDED.priority, enabled = EXCLUDED.enabled, condition_type = EXCLUDED.condition_type, outcome = EXCLUDED.outcome, destination_code = EXCLUDED.destination_code, reason_template = EXCLUDED.reason_template, effective_start = EXCLUDED.effective_start, effective_end = EXCLUDED.effective_end, version = EXCLUDED.version, created_at = EXCLUDED.created_at, updated_at = EXCLUDED.updated_at;
INSERT INTO public.workflow_rules (rule_code, rule_name, priority, enabled, condition_type, outcome, destination_code, reason_template, effective_start, effective_end, version, created_at, updated_at) VALUES ('hard_unmatched_building', 'Unmatched building requires escalation', 750, true, 'property_unmatched', 'ESCALATE', 'ESCALATE_UNMATCHED_BUILDING', 'Property signal present but building is unmatched in routing table -> ESCALATE with UNMATCHED-BUILDING label', '2026-05-13', NULL, 1, '2026-05-13 12:06:44.497094-05', '2026-05-28 09:36:41.378268-05') ON CONFLICT (rule_code) DO UPDATE SET rule_name = EXCLUDED.rule_name, priority = EXCLUDED.priority, enabled = EXCLUDED.enabled, condition_type = EXCLUDED.condition_type, outcome = EXCLUDED.outcome, destination_code = EXCLUDED.destination_code, reason_template = EXCLUDED.reason_template, effective_start = EXCLUDED.effective_start, effective_end = EXCLUDED.effective_end, version = EXCLUDED.version, created_at = EXCLUDED.created_at, updated_at = EXCLUDED.updated_at;
INSERT INTO public.workflow_rules (rule_code, rule_name, priority, enabled, condition_type, outcome, destination_code, reason_template, effective_start, effective_end, version, created_at, updated_at) VALUES ('confidence_below_threshold', 'Low confidence requires escalation', 800, true, 'confidence_threshold', 'ESCALATE', 'ESCALATE_GENERAL', 'Confidence below configured threshold -> ESCALATE', '2026-05-07', NULL, 1, '2026-05-20 10:35:34.599045-05', '2026-05-28 09:36:41.378268-05') ON CONFLICT (rule_code) DO UPDATE SET rule_name = EXCLUDED.rule_name, priority = EXCLUDED.priority, enabled = EXCLUDED.enabled, condition_type = EXCLUDED.condition_type, outcome = EXCLUDED.outcome, destination_code = EXCLUDED.destination_code, reason_template = EXCLUDED.reason_template, effective_start = EXCLUDED.effective_start, effective_end = EXCLUDED.effective_end, version = EXCLUDED.version, created_at = EXCLUDED.created_at, updated_at = EXCLUDED.updated_at;
INSERT INTO public.workflow_rules (rule_code, rule_name, priority, enabled, condition_type, outcome, destination_code, reason_template, effective_start, effective_end, version, created_at, updated_at) VALUES ('fallback_escalate', 'No deterministic route matched', 900, true, 'fallback', 'ESCALATE', 'ESCALATE_GENERAL', 'No deterministic routing rule matched -> ESCALATE', '2026-05-07', NULL, 1, '2026-05-20 10:35:34.599045-05', '2026-05-28 09:36:41.378268-05') ON CONFLICT (rule_code) DO UPDATE SET rule_name = EXCLUDED.rule_name, priority = EXCLUDED.priority, enabled = EXCLUDED.enabled, condition_type = EXCLUDED.condition_type, outcome = EXCLUDED.outcome, destination_code = EXCLUDED.destination_code, reason_template = EXCLUDED.reason_template, effective_start = EXCLUDED.effective_start, effective_end = EXCLUDED.effective_end, version = EXCLUDED.version, created_at = EXCLUDED.created_at, updated_at = EXCLUDED.updated_at;
INSERT INTO public.workflow_rules (rule_code, rule_name, priority, enabled, condition_type, outcome, destination_code, reason_template, effective_start, effective_end, version, created_at, updated_at) VALUES ('amount_zero_invoice', 'Zero-dollar invoice requires escalation', 360, true, 'amount_equals_zero', 'ESCALATE', 'ESCALATE_0_DOLLAR_INVOICE', 'Invoice amount is zero and normal destination would auto-route -> ESCALATE with 0-DOLLAR-INVOICE label', '2026-06-15', NULL, 1, '2026-06-15 09:51:33.616199-05', '2026-06-15 09:54:36.425112-05') ON CONFLICT (rule_code) DO UPDATE SET rule_name = EXCLUDED.rule_name, priority = EXCLUDED.priority, enabled = EXCLUDED.enabled, condition_type = EXCLUDED.condition_type, outcome = EXCLUDED.outcome, destination_code = EXCLUDED.destination_code, reason_template = EXCLUDED.reason_template, effective_start = EXCLUDED.effective_start, effective_end = EXCLUDED.effective_end, version = EXCLUDED.version, created_at = EXCLUDED.created_at, updated_at = EXCLUDED.updated_at;
INSERT INTO public.workflow_rules (rule_code, rule_name, priority, enabled, condition_type, outcome, destination_code, reason_template, effective_start, effective_end, version, created_at, updated_at) VALUES ('hard_credit_memo', 'Credit memo requires escalation', 135, true, 'document_type', 'ESCALATE', 'ESCALATE_CREDIT_MEMO', 'LLM classified current item as credit memo -> ESCALATE with CREDIT-MEMO label', '2026-06-17', NULL, 1, '2026-06-17 10:43:04.849337-05', '2026-06-17 10:43:04.849337-05') ON CONFLICT (rule_code) DO UPDATE SET rule_name = EXCLUDED.rule_name, priority = EXCLUDED.priority, enabled = EXCLUDED.enabled, condition_type = EXCLUDED.condition_type, outcome = EXCLUDED.outcome, destination_code = EXCLUDED.destination_code, reason_template = EXCLUDED.reason_template, effective_start = EXCLUDED.effective_start, effective_end = EXCLUDED.effective_end, version = EXCLUDED.version, created_at = EXCLUDED.created_at, updated_at = EXCLUDED.updated_at;
INSERT INTO public.workflow_rules (rule_code, rule_name, priority, enabled, condition_type, outcome, destination_code, reason_template, effective_start, effective_end, version, created_at, updated_at) VALUES ('hard_separate_lien_waiver', 'Invoice with separate related backup requires escalation', 110, true, 'document_flag', 'ESCALATE', 'ESCALATE_MULTI_PDF_MERGE', 'Invoice has separate related backup documentation -> ESCALATE with MULTI-PDF-MERGE label', '2026-05-27', NULL, 1, '2026-05-27 13:41:35.034385-05', '2026-06-17 12:38:06.702245-05') ON CONFLICT (rule_code) DO UPDATE SET rule_name = EXCLUDED.rule_name, priority = EXCLUDED.priority, enabled = EXCLUDED.enabled, condition_type = EXCLUDED.condition_type, outcome = EXCLUDED.outcome, destination_code = EXCLUDED.destination_code, reason_template = EXCLUDED.reason_template, effective_start = EXCLUDED.effective_start, effective_end = EXCLUDED.effective_end, version = EXCLUDED.version, created_at = EXCLUDED.created_at, updated_at = EXCLUDED.updated_at;


--
-- Data for Name: workflow_rule_conditions; Type: TABLE DATA; Schema: public; Owner: -
--

INSERT INTO public.workflow_rule_conditions (condition_id, rule_code, condition_key, condition_value, created_at) VALUES ('75338665-2896-4dad-9ba4-59f2b99f7ed3', 'check_request_medius_property', 'document_types', '["check_request"]', '2026-05-27 08:46:26.102553-05') ON CONFLICT (condition_id) DO UPDATE SET rule_code = EXCLUDED.rule_code, condition_key = EXCLUDED.condition_key, condition_value = EXCLUDED.condition_value, created_at = EXCLUDED.created_at;
INSERT INTO public.workflow_rule_conditions (condition_id, rule_code, condition_key, condition_value, created_at) VALUES ('cdbde339-dc3e-46b4-87fe-fd29791e4f95', 'check_request_medius_property', 'allowed_destination_codes', '["MEDIUS_PROPERTIES"]', '2026-05-27 08:46:26.102553-05') ON CONFLICT (condition_id) DO UPDATE SET rule_code = EXCLUDED.rule_code, condition_key = EXCLUDED.condition_key, condition_value = EXCLUDED.condition_value, created_at = EXCLUDED.created_at;
INSERT INTO public.workflow_rule_conditions (condition_id, rule_code, condition_key, condition_value, created_at) VALUES ('c169d595-7eeb-4c64-8245-eb0e93489d73', 'hard_check_request', 'document_types', '["check_request"]', '2026-05-20 10:35:36.570633-05') ON CONFLICT (condition_id) DO UPDATE SET rule_code = EXCLUDED.rule_code, condition_key = EXCLUDED.condition_key, condition_value = EXCLUDED.condition_value, created_at = EXCLUDED.created_at;
INSERT INTO public.workflow_rule_conditions (condition_id, rule_code, condition_key, condition_value, created_at) VALUES ('5fade7ac-1363-4c16-87b2-54d0763f4175', 'hard_current_reply_no_action', 'max_chars', '320', '2026-06-02 09:20:56.20646-05') ON CONFLICT (condition_id) DO UPDATE SET rule_code = EXCLUDED.rule_code, condition_key = EXCLUDED.condition_key, condition_value = EXCLUDED.condition_value, created_at = EXCLUDED.created_at;
INSERT INTO public.workflow_rule_conditions (condition_id, rule_code, condition_key, condition_value, created_at) VALUES ('926e357f-1c2c-4401-a0c4-fd13a85009a0', 'hard_current_reply_no_action', 'require_quoted_history', 'true', '2026-06-02 09:20:56.20646-05') ON CONFLICT (condition_id) DO UPDATE SET rule_code = EXCLUDED.rule_code, condition_key = EXCLUDED.condition_key, condition_value = EXCLUDED.condition_value, created_at = EXCLUDED.created_at;
DELETE FROM public.workflow_rule_conditions WHERE rule_code = 'hard_current_reply_no_action' AND condition_key = 'allowed_sender_domains';
INSERT INTO public.workflow_rule_conditions (condition_id, rule_code, condition_key, condition_value, created_at) VALUES ('2da7f6c2-9063-4c75-9d92-972a7f8da4c5', 'hard_contractor_timesheet_no_invoice', 'flag', '"contractor_timesheet_no_invoice"', '2026-06-04 15:36:44.263032-05') ON CONFLICT (condition_id) DO UPDATE SET rule_code = EXCLUDED.rule_code, condition_key = EXCLUDED.condition_key, condition_value = EXCLUDED.condition_value, created_at = EXCLUDED.created_at;
INSERT INTO public.workflow_rule_conditions (condition_id, rule_code, condition_key, condition_value, created_at) VALUES ('f1ca85de-ac54-422d-932d-32dd20281af6', 'asset_type_multifamily', 'asset_type', '"Multifamily"', '2026-06-12 08:09:02.152221-05') ON CONFLICT (condition_id) DO UPDATE SET rule_code = EXCLUDED.rule_code, condition_key = EXCLUDED.condition_key, condition_value = EXCLUDED.condition_value, created_at = EXCLUDED.created_at;
INSERT INTO public.workflow_rule_conditions (condition_id, rule_code, condition_key, condition_value, created_at) VALUES ('62783b2b-78f4-4038-be31-3984cf2ee867', 'asset_type_multifamily', 'document_types', '["invoice"]', '2026-06-12 08:09:02.152221-05') ON CONFLICT (condition_id) DO UPDATE SET rule_code = EXCLUDED.rule_code, condition_key = EXCLUDED.condition_key, condition_value = EXCLUDED.condition_value, created_at = EXCLUDED.created_at;
INSERT INTO public.workflow_rule_conditions (condition_id, rule_code, condition_key, condition_value, created_at) VALUES ('0b68636e-8538-4660-95f7-0070fe5d09b1', 'amount_zero_invoice', 'document_types', '["invoice"]', '2026-06-15 09:51:33.616199-05') ON CONFLICT (condition_id) DO UPDATE SET rule_code = EXCLUDED.rule_code, condition_key = EXCLUDED.condition_key, condition_value = EXCLUDED.condition_value, created_at = EXCLUDED.created_at;
INSERT INTO public.workflow_rule_conditions (condition_id, rule_code, condition_key, condition_value, created_at) VALUES ('93e09baa-b507-4759-b975-66ef28562255', 'hard_wrong_file_type', 'disallowed_extensions', '[".jpg", ".jpeg", ".png", ".xls", ".xlsx"]', '2026-05-13 12:06:44.497094-05') ON CONFLICT (condition_id) DO UPDATE SET rule_code = EXCLUDED.rule_code, condition_key = EXCLUDED.condition_key, condition_value = EXCLUDED.condition_value, created_at = EXCLUDED.created_at;
INSERT INTO public.workflow_rule_conditions (condition_id, rule_code, condition_key, condition_value, created_at) VALUES ('cba55920-fb7c-40bf-96ca-194381e0cd68', 'hard_multi_invoice_pdf', 'flag', '"multi_invoice_pdf"', '2026-05-07 12:51:31.036389-05') ON CONFLICT (condition_id) DO UPDATE SET rule_code = EXCLUDED.rule_code, condition_key = EXCLUDED.condition_key, condition_value = EXCLUDED.condition_value, created_at = EXCLUDED.created_at;
INSERT INTO public.workflow_rule_conditions (condition_id, rule_code, condition_key, condition_value, created_at) VALUES ('9e47b796-c7de-4515-84e0-aefc04e62c14', 'hard_invoice_plus_lien_waiver', 'flag', '"invoice_plus_lien_waiver"', '2026-05-07 12:51:31.036389-05') ON CONFLICT (condition_id) DO UPDATE SET rule_code = EXCLUDED.rule_code, condition_key = EXCLUDED.condition_key, condition_value = EXCLUDED.condition_value, created_at = EXCLUDED.created_at;
INSERT INTO public.workflow_rule_conditions (condition_id, rule_code, condition_key, condition_value, created_at) VALUES ('10e8e881-30fa-4953-a448-abe49552c4a2', 'hard_pdf_required_unreadable', 'fact_key', '"pdf_required_but_unreadable"', '2026-05-20 10:35:36.570633-05') ON CONFLICT (condition_id) DO UPDATE SET rule_code = EXCLUDED.rule_code, condition_key = EXCLUDED.condition_key, condition_value = EXCLUDED.condition_value, created_at = EXCLUDED.created_at;
INSERT INTO public.workflow_rule_conditions (condition_id, rule_code, condition_key, condition_value, created_at) VALUES ('7b5ce9a7-0db7-4d3d-a97b-9020e399ffa4', 'hard_pdf_required_unreadable', 'expected', 'true', '2026-05-20 10:35:36.570633-05') ON CONFLICT (condition_id) DO UPDATE SET rule_code = EXCLUDED.rule_code, condition_key = EXCLUDED.condition_key, condition_value = EXCLUDED.condition_value, created_at = EXCLUDED.created_at;
INSERT INTO public.workflow_rule_conditions (condition_id, rule_code, condition_key, condition_value, created_at) VALUES ('281d833b-7fef-4571-b6e0-813b95c2b970', 'hard_pdf_text_low_quality', 'fact_key', '"pdf_text_low_quality"', '2026-05-20 10:35:36.570633-05') ON CONFLICT (condition_id) DO UPDATE SET rule_code = EXCLUDED.rule_code, condition_key = EXCLUDED.condition_key, condition_value = EXCLUDED.condition_value, created_at = EXCLUDED.created_at;
INSERT INTO public.workflow_rule_conditions (condition_id, rule_code, condition_key, condition_value, created_at) VALUES ('fcc9d634-6a47-4ffb-a607-d8b130e20897', 'hard_pdf_text_low_quality', 'expected', 'true', '2026-05-20 10:35:36.570633-05') ON CONFLICT (condition_id) DO UPDATE SET rule_code = EXCLUDED.rule_code, condition_key = EXCLUDED.condition_key, condition_value = EXCLUDED.condition_value, created_at = EXCLUDED.created_at;
INSERT INTO public.workflow_rule_conditions (condition_id, rule_code, condition_key, condition_value, created_at) VALUES ('7c273520-b10c-4bcb-8e5a-fe29db8e8141', 'hard_link_only_invoice', 'flag', '"link_only_invoice"', '2026-05-07 12:51:31.036389-05') ON CONFLICT (condition_id) DO UPDATE SET rule_code = EXCLUDED.rule_code, condition_key = EXCLUDED.condition_key, condition_value = EXCLUDED.condition_value, created_at = EXCLUDED.created_at;
INSERT INTO public.workflow_rule_conditions (condition_id, rule_code, condition_key, condition_value, created_at) VALUES ('ff3ed3c3-72f5-45c0-941e-f065f08dfbc5', 'hard_contract_or_pay_app', 'document_types', '["contract", "pay_application"]', '2026-05-07 12:51:31.036389-05') ON CONFLICT (condition_id) DO UPDATE SET rule_code = EXCLUDED.rule_code, condition_key = EXCLUDED.condition_key, condition_value = EXCLUDED.condition_value, created_at = EXCLUDED.created_at;
INSERT INTO public.workflow_rule_conditions (condition_id, rule_code, condition_key, condition_value, created_at) VALUES ('008eaf0d-85a8-4fec-b99c-f625dbbef9cc', 'hard_wrong_destination', 'flag', '"wrong_destination"', '2026-05-20 09:21:16.95842-05') ON CONFLICT (condition_id) DO UPDATE SET rule_code = EXCLUDED.rule_code, condition_key = EXCLUDED.condition_key, condition_value = EXCLUDED.condition_value, created_at = EXCLUDED.created_at;
INSERT INTO public.workflow_rule_conditions (condition_id, rule_code, condition_key, condition_value, created_at) VALUES ('8dc3d67d-8f25-4560-a627-bdecc27e6080', 'hard_no_action_email_pattern', 'pattern_source', '"no_action_email_patterns"', '2026-05-13 10:56:35.19164-05') ON CONFLICT (condition_id) DO UPDATE SET rule_code = EXCLUDED.rule_code, condition_key = EXCLUDED.condition_key, condition_value = EXCLUDED.condition_value, created_at = EXCLUDED.created_at;
INSERT INTO public.workflow_rule_conditions (condition_id, rule_code, condition_key, condition_value, created_at) VALUES ('a31ed34f-436b-41bd-90de-575dfa43d30c', 'duplicate_candidate', 'duplicate_statuses', '["suspected"]', '2026-05-07 12:51:31.036389-05') ON CONFLICT (condition_id) DO UPDATE SET rule_code = EXCLUDED.rule_code, condition_key = EXCLUDED.condition_key, condition_value = EXCLUDED.condition_value, created_at = EXCLUDED.created_at;
INSERT INTO public.workflow_rule_conditions (condition_id, rule_code, condition_key, condition_value, created_at) VALUES ('28b05191-99d4-4d9f-8e7d-8198adc7dc9a', 'informational_property_notice', 'document_types', '["unknown"]', '2026-05-15 15:43:32.32208-05') ON CONFLICT (condition_id) DO UPDATE SET rule_code = EXCLUDED.rule_code, condition_key = EXCLUDED.condition_key, condition_value = EXCLUDED.condition_value, created_at = EXCLUDED.created_at;
INSERT INTO public.workflow_rule_conditions (condition_id, rule_code, condition_key, condition_value, created_at) VALUES ('b0b1d418-fc41-4bed-8c9d-4fb90514c99f', 'hard_unmatched_building', 'document_types', '["invoice", "unknown"]', '2026-05-20 16:14:37.026249-05') ON CONFLICT (condition_id) DO UPDATE SET rule_code = EXCLUDED.rule_code, condition_key = EXCLUDED.condition_key, condition_value = EXCLUDED.condition_value, created_at = EXCLUDED.created_at;
INSERT INTO public.workflow_rule_conditions (condition_id, rule_code, condition_key, condition_value, created_at) VALUES ('d264a74e-74ef-49e2-b2a9-378894d87200', 'confidence_below_threshold', 'runtime_config_key', '"confidence_threshold"', '2026-05-20 10:35:36.570633-05') ON CONFLICT (condition_id) DO UPDATE SET rule_code = EXCLUDED.rule_code, condition_key = EXCLUDED.condition_key, condition_value = EXCLUDED.condition_value, created_at = EXCLUDED.created_at;
INSERT INTO public.workflow_rule_conditions (condition_id, rule_code, condition_key, condition_value, created_at) VALUES ('dad031fd-4ce2-4b50-8cd7-2aa21f1cf682', 'fallback_escalate', 'always', 'true', '2026-05-20 10:35:36.570633-05') ON CONFLICT (condition_id) DO UPDATE SET rule_code = EXCLUDED.rule_code, condition_key = EXCLUDED.condition_key, condition_value = EXCLUDED.condition_value, created_at = EXCLUDED.created_at;
INSERT INTO public.workflow_rule_conditions (condition_id, rule_code, condition_key, condition_value, created_at) VALUES ('3b26ada3-a4cf-40a1-b624-8b51bce3bc7e', 'hard_vendor_inquiry', 'document_types', '["vendor_question", "payment_inquiry", "past_due_notice"]', '2026-05-07 12:51:31.036389-05') ON CONFLICT (condition_id) DO UPDATE SET rule_code = EXCLUDED.rule_code, condition_key = EXCLUDED.condition_key, condition_value = EXCLUDED.condition_value, created_at = EXCLUDED.created_at;
INSERT INTO public.workflow_rule_conditions (condition_id, rule_code, condition_key, condition_value, created_at) VALUES ('21565098-9ca4-4e83-94aa-0a14a51c9ad0', 'appointment_informational_notice', 'fact_key', '"indicates_informational_appointment_notice"', '2026-06-03 15:17:48.725876-05') ON CONFLICT (condition_id) DO UPDATE SET rule_code = EXCLUDED.rule_code, condition_key = EXCLUDED.condition_key, condition_value = EXCLUDED.condition_value, created_at = EXCLUDED.created_at;
INSERT INTO public.workflow_rule_conditions (condition_id, rule_code, condition_key, condition_value, created_at) VALUES ('b63721a6-e67d-4001-9886-ea3515322966', 'appointment_informational_notice', 'expected', 'true', '2026-06-03 15:17:48.725876-05') ON CONFLICT (condition_id) DO UPDATE SET rule_code = EXCLUDED.rule_code, condition_key = EXCLUDED.condition_key, condition_value = EXCLUDED.condition_value, created_at = EXCLUDED.created_at;
INSERT INTO public.workflow_rule_conditions (condition_id, rule_code, condition_key, condition_value, created_at) VALUES ('35de519f-8100-42cc-a361-d2c480e0988c', 'appointment_informational_notice', 'document_types', '["unknown"]', '2026-06-03 15:17:48.725876-05') ON CONFLICT (condition_id) DO UPDATE SET rule_code = EXCLUDED.rule_code, condition_key = EXCLUDED.condition_key, condition_value = EXCLUDED.condition_value, created_at = EXCLUDED.created_at;
INSERT INTO public.workflow_rule_conditions (condition_id, rule_code, condition_key, condition_value, created_at) VALUES ('6cc57abb-2bd8-40ba-8330-1b5df5b876f6', 'appointment_informational_notice', 'blocked_flags', '["link_only_invoice", "missing_invoice_attachment", "vendor_inquiry", "wrong_destination", "past_due", "statement_or_account_summary", "ach_or_auto_draft", "ben_e_keith", "contract_or_pay_application", "lien_release_related", "conflicting_signals", "low_text_quality"]', '2026-06-03 15:17:48.725876-05') ON CONFLICT (condition_id) DO UPDATE SET rule_code = EXCLUDED.rule_code, condition_key = EXCLUDED.condition_key, condition_value = EXCLUDED.condition_value, created_at = EXCLUDED.created_at;
INSERT INTO public.workflow_rule_conditions (condition_id, rule_code, condition_key, condition_value, created_at) VALUES ('d22c449b-b368-4565-a6c7-4c87cba965d3', 'hard_separate_lien_waiver', 'flag', '"separate_lien_waiver"', '2026-05-27 13:41:35.034385-05') ON CONFLICT (condition_id) DO UPDATE SET rule_code = EXCLUDED.rule_code, condition_key = EXCLUDED.condition_key, condition_value = EXCLUDED.condition_value, created_at = EXCLUDED.created_at;
INSERT INTO public.workflow_rule_conditions (condition_id, rule_code, condition_key, condition_value, created_at) VALUES ('d6235ba3-9e37-49ec-a56a-8b04455209be', 'hard_wrong_file_type', 'exempt_document_types', '["ach_notice", "auto_draft_notice", "ben_e_keith_notice"]', '2026-05-20 13:50:52.697669-05') ON CONFLICT (condition_id) DO UPDATE SET rule_code = EXCLUDED.rule_code, condition_key = EXCLUDED.condition_key, condition_value = EXCLUDED.condition_value, created_at = EXCLUDED.created_at;
INSERT INTO public.workflow_rule_conditions (condition_id, rule_code, condition_key, condition_value, created_at) VALUES ('0466114e-a4d0-4b40-af4e-f1ee2a2a8cbb', 'hard_wrong_file_type', 'exempt_document_flags', '["ach_or_auto_draft", "ben_e_keith"]', '2026-05-20 13:50:52.697669-05') ON CONFLICT (condition_id) DO UPDATE SET rule_code = EXCLUDED.rule_code, condition_key = EXCLUDED.condition_key, condition_value = EXCLUDED.condition_value, created_at = EXCLUDED.created_at;
INSERT INTO public.workflow_rule_conditions (condition_id, rule_code, condition_key, condition_value, created_at) VALUES ('59e55ca5-df19-49aa-9fdc-76f173d2febc', 'hard_vendor_inquiry', 'flag', '"vendor_inquiry"', '2026-05-15 08:55:54.864087-05') ON CONFLICT (condition_id) DO UPDATE SET rule_code = EXCLUDED.rule_code, condition_key = EXCLUDED.condition_key, condition_value = EXCLUDED.condition_value, created_at = EXCLUDED.created_at;
INSERT INTO public.workflow_rule_conditions (condition_id, rule_code, condition_key, condition_value, created_at) VALUES ('fb897302-6c15-478b-aeab-8bca25a62924', 'hard_past_due_notice', 'flag', '"past_due"', '2026-05-15 15:46:53.411198-05') ON CONFLICT (condition_id) DO UPDATE SET rule_code = EXCLUDED.rule_code, condition_key = EXCLUDED.condition_key, condition_value = EXCLUDED.condition_value, created_at = EXCLUDED.created_at;
INSERT INTO public.workflow_rule_conditions (condition_id, rule_code, condition_key, condition_value, created_at) VALUES ('1636d2ee-1677-4eac-b1c2-603892a69255', 'hard_mixed_item_destinations', 'aggregation_reason', '"mixed_item_destinations"', '2026-05-22 13:44:57.536204-05') ON CONFLICT (condition_id) DO UPDATE SET rule_code = EXCLUDED.rule_code, condition_key = EXCLUDED.condition_key, condition_value = EXCLUDED.condition_value, created_at = EXCLUDED.created_at;
INSERT INTO public.workflow_rule_conditions (condition_id, rule_code, condition_key, condition_value, created_at) VALUES ('c38e3ed4-b419-46d7-b1f6-face8a3367be', 'informational_property_notice', 'blocked_flags', '["link_only_invoice", "vendor_inquiry", "past_due", "contract_or_pay_application", "conflicting_signals", "low_text_quality"]', '2026-05-15 15:43:32.32208-05') ON CONFLICT (condition_id) DO UPDATE SET rule_code = EXCLUDED.rule_code, condition_key = EXCLUDED.condition_key, condition_value = EXCLUDED.condition_value, created_at = EXCLUDED.created_at;
INSERT INTO public.workflow_rule_conditions (condition_id, rule_code, condition_key, condition_value, created_at) VALUES ('ed38e27d-5d76-46c3-b2c1-748efad2a99b', 'amount_over_threshold', 'runtime_config_key', '"amount_review_threshold"', '2026-05-07 12:51:31.036389-05') ON CONFLICT (condition_id) DO UPDATE SET rule_code = EXCLUDED.rule_code, condition_key = EXCLUDED.condition_key, condition_value = EXCLUDED.condition_value, created_at = EXCLUDED.created_at;
INSERT INTO public.workflow_rule_conditions (condition_id, rule_code, condition_key, condition_value, created_at) VALUES ('d32c49d2-a152-4a4d-a56d-2d2c546a8478', 'amount_over_threshold', 'exempt_destination', '"MEDIUS_PROPERTIES"', '2026-05-21 12:47:50.065131-05') ON CONFLICT (condition_id) DO UPDATE SET rule_code = EXCLUDED.rule_code, condition_key = EXCLUDED.condition_key, condition_value = EXCLUDED.condition_value, created_at = EXCLUDED.created_at;
INSERT INTO public.workflow_rule_conditions (condition_id, rule_code, condition_key, condition_value, created_at) VALUES ('59a6d043-5d09-4982-9449-579b4e5af8b4', 'amount_over_threshold', 'exempt_requires_project_number', 'true', '2026-05-27 16:42:19.644965-05') ON CONFLICT (condition_id) DO UPDATE SET rule_code = EXCLUDED.rule_code, condition_key = EXCLUDED.condition_key, condition_value = EXCLUDED.condition_value, created_at = EXCLUDED.created_at;
INSERT INTO public.workflow_rule_conditions (condition_id, rule_code, condition_key, condition_value, created_at) VALUES ('f722e3c6-9e31-4fef-9b08-c29961b0f545', 'appointment_informational_notice', 'forbid_source_attachments', 'true', '2026-06-03 15:17:48.725876-05') ON CONFLICT (condition_id) DO UPDATE SET rule_code = EXCLUDED.rule_code, condition_key = EXCLUDED.condition_key, condition_value = EXCLUDED.condition_value, created_at = EXCLUDED.created_at;
INSERT INTO public.workflow_rule_conditions (condition_id, rule_code, condition_key, condition_value, created_at) VALUES ('de9a6ac1-bedc-4fa0-940a-89b82874185f', 'hard_credit_memo', 'document_types', '["credit_memo"]', '2026-06-17 10:43:04.849337-05') ON CONFLICT (condition_id) DO UPDATE SET rule_code = EXCLUDED.rule_code, condition_key = EXCLUDED.condition_key, condition_value = EXCLUDED.condition_value, created_at = EXCLUDED.created_at;
INSERT INTO public.workflow_rule_conditions (condition_id, rule_code, condition_key, condition_value, created_at) VALUES ('c2a1ee23-6492-417f-818f-a99fa8838f52', 'statement_file', 'document_types', '["statement", "account_summary"]', '2026-05-07 12:51:31.036389-05') ON CONFLICT (condition_id) DO UPDATE SET rule_code = EXCLUDED.rule_code, condition_key = EXCLUDED.condition_key, condition_value = EXCLUDED.condition_value, created_at = EXCLUDED.created_at;
INSERT INTO public.workflow_rule_conditions (condition_id, rule_code, condition_key, condition_value, created_at) VALUES ('1fbba74a-43c5-4849-9c96-26a331a8b7ac', 'ach_notice_file', 'document_types', '["ach_notice", "auto_draft_notice"]', '2026-05-07 16:45:46.241128-05') ON CONFLICT (condition_id) DO UPDATE SET rule_code = EXCLUDED.rule_code, condition_key = EXCLUDED.condition_key, condition_value = EXCLUDED.condition_value, created_at = EXCLUDED.created_at;
INSERT INTO public.workflow_rule_conditions (condition_id, rule_code, condition_key, condition_value, created_at) VALUES ('b8ed92d2-2261-4b5c-89dc-5ef2d82de444', 'ben_e_keith_notice_file', 'flag', '"ben_e_keith"', '2026-05-15 16:43:37.190034-05') ON CONFLICT (condition_id) DO UPDATE SET rule_code = EXCLUDED.rule_code, condition_key = EXCLUDED.condition_key, condition_value = EXCLUDED.condition_value, created_at = EXCLUDED.created_at;
INSERT INTO public.workflow_rule_conditions (condition_id, rule_code, condition_key, condition_value, created_at) VALUES ('93ee4fac-9b02-4019-b53c-2ebf00d504f2', 'bill_to_mf', 'business_unit_code', '"MF"', '2026-05-07 12:51:31.036389-05') ON CONFLICT (condition_id) DO UPDATE SET rule_code = EXCLUDED.rule_code, condition_key = EXCLUDED.condition_key, condition_value = EXCLUDED.condition_value, created_at = EXCLUDED.created_at;
INSERT INTO public.workflow_rule_conditions (condition_id, rule_code, condition_key, condition_value, created_at) VALUES ('16fd2ca2-96f6-4d31-b565-675c0fde6ca9', 'hard_unmatched_building', 'invoice_only', 'true', '2026-05-13 12:06:44.497094-05') ON CONFLICT (condition_id) DO UPDATE SET rule_code = EXCLUDED.rule_code, condition_key = EXCLUDED.condition_key, condition_value = EXCLUDED.condition_value, created_at = EXCLUDED.created_at;
INSERT INTO public.workflow_rule_conditions (condition_id, rule_code, condition_key, condition_value, created_at) VALUES ('54a5088c-f106-4f65-ab9b-9a112daddc58', 'property_routing_match', 'requires_property_route', 'true', '2026-05-07 12:51:31.036389-05') ON CONFLICT (condition_id) DO UPDATE SET rule_code = EXCLUDED.rule_code, condition_key = EXCLUDED.condition_key, condition_value = EXCLUDED.condition_value, created_at = EXCLUDED.created_at;


--
-- Data for Name: workflow_rule_versions; Type: TABLE DATA; Schema: public; Owner: -
--

INSERT INTO public.workflow_rule_versions (rule_version_id, rule_code, version, rule_name, priority, enabled, condition_type, condition_snapshot, outcome, destination_code, reason_template, effective_start, effective_end, management_audit_event_id, created_at) VALUES ('a96b9834-5f84-49dc-9ffd-f4ca64d7ce4d', 'hard_current_reply_no_action', 1, 'Short current reply requires no AP action', 114, true, 'current_reply_no_action', '{"max_chars": 320, "require_quoted_history": true}', 'DISCARD', 'NO_ACTION', 'Short current reply contains acknowledgement or social reply only -> DISCARD', '2026-06-02', NULL, NULL, '2026-06-02 09:20:56.219255-05') ON CONFLICT (rule_version_id) DO UPDATE SET rule_code = EXCLUDED.rule_code, version = EXCLUDED.version, rule_name = EXCLUDED.rule_name, priority = EXCLUDED.priority, enabled = EXCLUDED.enabled, condition_type = EXCLUDED.condition_type, condition_snapshot = EXCLUDED.condition_snapshot, outcome = EXCLUDED.outcome, destination_code = EXCLUDED.destination_code, reason_template = EXCLUDED.reason_template, effective_start = EXCLUDED.effective_start, effective_end = EXCLUDED.effective_end, management_audit_event_id = EXCLUDED.management_audit_event_id, created_at = EXCLUDED.created_at;
INSERT INTO public.workflow_rule_versions (rule_version_id, rule_code, version, rule_name, priority, enabled, condition_type, condition_snapshot, outcome, destination_code, reason_template, effective_start, effective_end, management_audit_event_id, created_at) VALUES ('29b31f80-4833-4b92-8597-7b0147f2fe3d', 'asset_type_multifamily', 1, 'Multifamily asset routes to Medius MF', 620, true, 'property_asset_type', '{"asset_type": "Multifamily"}', 'AUTO', 'MEDIUS_MF', 'Matched asset type is Multifamily -> AUTO', '2026-05-20', NULL, NULL, '2026-05-20 10:01:01.775194-05') ON CONFLICT (rule_version_id) DO UPDATE SET rule_code = EXCLUDED.rule_code, version = EXCLUDED.version, rule_name = EXCLUDED.rule_name, priority = EXCLUDED.priority, enabled = EXCLUDED.enabled, condition_type = EXCLUDED.condition_type, condition_snapshot = EXCLUDED.condition_snapshot, outcome = EXCLUDED.outcome, destination_code = EXCLUDED.destination_code, reason_template = EXCLUDED.reason_template, effective_start = EXCLUDED.effective_start, effective_end = EXCLUDED.effective_end, management_audit_event_id = EXCLUDED.management_audit_event_id, created_at = EXCLUDED.created_at;
INSERT INTO public.workflow_rule_versions (rule_version_id, rule_code, version, rule_name, priority, enabled, condition_type, condition_snapshot, outcome, destination_code, reason_template, effective_start, effective_end, management_audit_event_id, created_at) VALUES ('c60cdccf-b64a-4b08-b024-126874947ffb', 'hard_invoice_plus_lien_waiver', 1, 'Invoice plus lien waiver requires merge', 110, true, 'document_flag', '{"flag": "invoice_plus_lien_waiver"}', 'REVIEW', 'ESCALATE_MULTI_PDF_MERGE', 'Invoice and lien waiver require manual merge -> REVIEW with MULTI-PDF-MERGE label', '2026-05-07', NULL, NULL, '2026-05-07 16:45:46.24301-05') ON CONFLICT (rule_version_id) DO UPDATE SET rule_code = EXCLUDED.rule_code, version = EXCLUDED.version, rule_name = EXCLUDED.rule_name, priority = EXCLUDED.priority, enabled = EXCLUDED.enabled, condition_type = EXCLUDED.condition_type, condition_snapshot = EXCLUDED.condition_snapshot, outcome = EXCLUDED.outcome, destination_code = EXCLUDED.destination_code, reason_template = EXCLUDED.reason_template, effective_start = EXCLUDED.effective_start, effective_end = EXCLUDED.effective_end, management_audit_event_id = EXCLUDED.management_audit_event_id, created_at = EXCLUDED.created_at;
INSERT INTO public.workflow_rule_versions (rule_version_id, rule_code, version, rule_name, priority, enabled, condition_type, condition_snapshot, outcome, destination_code, reason_template, effective_start, effective_end, management_audit_event_id, created_at) VALUES ('0d1cee78-ef28-4579-a2bd-6a0a21087909', 'asset_type_multifamily', 3, 'Multifamily asset routes to Medius MF', 375, true, 'property_asset_type', '{"asset_type": "Multifamily", "document_types": ["invoice"]}', 'AUTO', 'MEDIUS_MF', 'Matched asset type is Multifamily -> AUTO to Medius MF', '2026-06-11', NULL, NULL, '2026-06-12 08:09:02.152221-05') ON CONFLICT (rule_version_id) DO UPDATE SET rule_code = EXCLUDED.rule_code, version = EXCLUDED.version, rule_name = EXCLUDED.rule_name, priority = EXCLUDED.priority, enabled = EXCLUDED.enabled, condition_type = EXCLUDED.condition_type, condition_snapshot = EXCLUDED.condition_snapshot, outcome = EXCLUDED.outcome, destination_code = EXCLUDED.destination_code, reason_template = EXCLUDED.reason_template, effective_start = EXCLUDED.effective_start, effective_end = EXCLUDED.effective_end, management_audit_event_id = EXCLUDED.management_audit_event_id, created_at = EXCLUDED.created_at;
INSERT INTO public.workflow_rule_versions (rule_version_id, rule_code, version, rule_name, priority, enabled, condition_type, condition_snapshot, outcome, destination_code, reason_template, effective_start, effective_end, management_audit_event_id, created_at) VALUES ('52f99514-1793-4f1c-96d5-a758e3f6f0e9', 'amount_zero_invoice', 1, 'Zero-dollar invoice requires escalation', 360, true, 'amount_equals_zero', '{"document_types": ["invoice"]}', 'ESCALATE', 'ESCALATE_0_DOLLAR_INVOICE', 'Invoice amount is zero and normal destination would auto-route -> ESCALATE with 0-DOLLAR-INVOICE label', '2026-06-15', NULL, NULL, '2026-06-15 09:51:33.616199-05') ON CONFLICT (rule_version_id) DO UPDATE SET rule_code = EXCLUDED.rule_code, version = EXCLUDED.version, rule_name = EXCLUDED.rule_name, priority = EXCLUDED.priority, enabled = EXCLUDED.enabled, condition_type = EXCLUDED.condition_type, condition_snapshot = EXCLUDED.condition_snapshot, outcome = EXCLUDED.outcome, destination_code = EXCLUDED.destination_code, reason_template = EXCLUDED.reason_template, effective_start = EXCLUDED.effective_start, effective_end = EXCLUDED.effective_end, management_audit_event_id = EXCLUDED.management_audit_event_id, created_at = EXCLUDED.created_at;
INSERT INTO public.workflow_rule_versions (rule_version_id, rule_code, version, rule_name, priority, enabled, condition_type, condition_snapshot, outcome, destination_code, reason_template, effective_start, effective_end, management_audit_event_id, created_at) VALUES ('0cacdcdf-b197-493f-bd65-fc77af1e49b5', 'amount_over_threshold', 1, 'Invoice amount over configured threshold', 400, true, 'amount_threshold', '{"runtime_config_key": "amount_review_threshold"}', 'FILE', 'FOLDER_LIEN_RELEASE', 'Invoice amount exceeds configured threshold -> FILE to lien release folder; hold for lien release from Tiffany', '2026-05-07', NULL, NULL, '2026-05-07 16:45:46.24301-05') ON CONFLICT (rule_version_id) DO UPDATE SET rule_code = EXCLUDED.rule_code, version = EXCLUDED.version, rule_name = EXCLUDED.rule_name, priority = EXCLUDED.priority, enabled = EXCLUDED.enabled, condition_type = EXCLUDED.condition_type, condition_snapshot = EXCLUDED.condition_snapshot, outcome = EXCLUDED.outcome, destination_code = EXCLUDED.destination_code, reason_template = EXCLUDED.reason_template, effective_start = EXCLUDED.effective_start, effective_end = EXCLUDED.effective_end, management_audit_event_id = EXCLUDED.management_audit_event_id, created_at = EXCLUDED.created_at;
INSERT INTO public.workflow_rule_versions (rule_version_id, rule_code, version, rule_name, priority, enabled, condition_type, condition_snapshot, outcome, destination_code, reason_template, effective_start, effective_end, management_audit_event_id, created_at) VALUES ('985b59ca-7708-498d-a3c7-7d40098a2b57', 'hard_mixed_item_destinations', 1, 'Multiple document items disagree on routing', 148, true, 'aggregation_mixed_destinations', '{"aggregation_reason": "mixed_item_destinations"}', 'ESCALATE', 'ESCALATE_GENERAL', 'Multiple extracted document items resolved to different outcomes or destinations -> ESCALATE', '2026-05-22', NULL, NULL, '2026-05-22 13:44:57.536204-05') ON CONFLICT (rule_version_id) DO UPDATE SET rule_code = EXCLUDED.rule_code, version = EXCLUDED.version, rule_name = EXCLUDED.rule_name, priority = EXCLUDED.priority, enabled = EXCLUDED.enabled, condition_type = EXCLUDED.condition_type, condition_snapshot = EXCLUDED.condition_snapshot, outcome = EXCLUDED.outcome, destination_code = EXCLUDED.destination_code, reason_template = EXCLUDED.reason_template, effective_start = EXCLUDED.effective_start, effective_end = EXCLUDED.effective_end, management_audit_event_id = EXCLUDED.management_audit_event_id, created_at = EXCLUDED.created_at;
INSERT INTO public.workflow_rule_versions (rule_version_id, rule_code, version, rule_name, priority, enabled, condition_type, condition_snapshot, outcome, destination_code, reason_template, effective_start, effective_end, management_audit_event_id, created_at) VALUES ('bcee5a3e-f658-45ca-86b4-3c30e5d7ea12', 'ach_notice_file', 1, 'ACH or auto-draft notice is filed', 520, true, 'document_type', '{"document_types": ["ach_notice", "auto_draft_notice"]}', 'FILE', 'FOLDER_ACH', 'ACH or auto-draft notice -> FILE', '2026-05-07', NULL, NULL, '2026-05-07 16:45:46.24301-05') ON CONFLICT (rule_version_id) DO UPDATE SET rule_code = EXCLUDED.rule_code, version = EXCLUDED.version, rule_name = EXCLUDED.rule_name, priority = EXCLUDED.priority, enabled = EXCLUDED.enabled, condition_type = EXCLUDED.condition_type, condition_snapshot = EXCLUDED.condition_snapshot, outcome = EXCLUDED.outcome, destination_code = EXCLUDED.destination_code, reason_template = EXCLUDED.reason_template, effective_start = EXCLUDED.effective_start, effective_end = EXCLUDED.effective_end, management_audit_event_id = EXCLUDED.management_audit_event_id, created_at = EXCLUDED.created_at;
INSERT INTO public.workflow_rule_versions (rule_version_id, rule_code, version, rule_name, priority, enabled, condition_type, condition_snapshot, outcome, destination_code, reason_template, effective_start, effective_end, management_audit_event_id, created_at) VALUES ('8bc29996-4ef5-4877-b72f-46de310522dc', 'check_request_medius_property', 1, 'Check request for Medius property routes to Medius', 250, true, 'check_request_property_routing', '{"document_types": ["check_request"], "allowed_destination_codes": ["MEDIUS_PROPERTIES"]}', 'AUTO', NULL, 'Check request matched configured Medius property destination -> AUTO', '2026-05-27', NULL, NULL, '2026-05-27 08:46:26.102553-05') ON CONFLICT (rule_version_id) DO UPDATE SET rule_code = EXCLUDED.rule_code, version = EXCLUDED.version, rule_name = EXCLUDED.rule_name, priority = EXCLUDED.priority, enabled = EXCLUDED.enabled, condition_type = EXCLUDED.condition_type, condition_snapshot = EXCLUDED.condition_snapshot, outcome = EXCLUDED.outcome, destination_code = EXCLUDED.destination_code, reason_template = EXCLUDED.reason_template, effective_start = EXCLUDED.effective_start, effective_end = EXCLUDED.effective_end, management_audit_event_id = EXCLUDED.management_audit_event_id, created_at = EXCLUDED.created_at;
INSERT INTO public.workflow_rule_versions (rule_version_id, rule_code, version, rule_name, priority, enabled, condition_type, condition_snapshot, outcome, destination_code, reason_template, effective_start, effective_end, management_audit_event_id, created_at) VALUES ('7af65ffd-e677-4973-a7f3-2d62c6ff4d30', 'hard_contractor_timesheet_no_invoice', 1, 'Contractor timesheet without invoice requires escalation', 125, true, 'document_flag', '{"flag": "contractor_timesheet_no_invoice"}', 'ESCALATE', 'ESCALATE_CONTRACTOR_TIMESHEET', 'Contractor timesheet or time-detail document has no invoice in the run -> ESCALATE with CONTRACTOR-TIMESHEET label', '2026-06-04', NULL, NULL, '2026-06-04 15:36:44.263032-05') ON CONFLICT (rule_version_id) DO UPDATE SET rule_code = EXCLUDED.rule_code, version = EXCLUDED.version, rule_name = EXCLUDED.rule_name, priority = EXCLUDED.priority, enabled = EXCLUDED.enabled, condition_type = EXCLUDED.condition_type, condition_snapshot = EXCLUDED.condition_snapshot, outcome = EXCLUDED.outcome, destination_code = EXCLUDED.destination_code, reason_template = EXCLUDED.reason_template, effective_start = EXCLUDED.effective_start, effective_end = EXCLUDED.effective_end, management_audit_event_id = EXCLUDED.management_audit_event_id, created_at = EXCLUDED.created_at;
INSERT INTO public.workflow_rule_versions (rule_version_id, rule_code, version, rule_name, priority, enabled, condition_type, condition_snapshot, outcome, destination_code, reason_template, effective_start, effective_end, management_audit_event_id, created_at) VALUES ('e16a0ad4-0bc8-46ca-b0e5-87bb60c2165d', 'hard_credit_memo', 1, 'Credit memo requires escalation', 135, true, 'document_type', '{"document_types": ["credit_memo"]}', 'ESCALATE', 'ESCALATE_CREDIT_MEMO', 'LLM classified current item as credit memo -> ESCALATE with CREDIT-MEMO label', '2026-06-17', NULL, NULL, '2026-06-17 10:43:04.849337-05') ON CONFLICT (rule_version_id) DO UPDATE SET rule_code = EXCLUDED.rule_code, version = EXCLUDED.version, rule_name = EXCLUDED.rule_name, priority = EXCLUDED.priority, enabled = EXCLUDED.enabled, condition_type = EXCLUDED.condition_type, condition_snapshot = EXCLUDED.condition_snapshot, outcome = EXCLUDED.outcome, destination_code = EXCLUDED.destination_code, reason_template = EXCLUDED.reason_template, effective_start = EXCLUDED.effective_start, effective_end = EXCLUDED.effective_end, management_audit_event_id = EXCLUDED.management_audit_event_id, created_at = EXCLUDED.created_at;
INSERT INTO public.workflow_rule_versions (rule_version_id, rule_code, version, rule_name, priority, enabled, condition_type, condition_snapshot, outcome, destination_code, reason_template, effective_start, effective_end, management_audit_event_id, created_at) VALUES ('78810036-249d-4b61-b87a-a83fbb83473a', 'hard_wrong_file_type', 1, 'Image, Word, or Excel attachment requires escalation', 115, true, 'attachment_extension', '{"disallowed_extensions": [".jpg", ".jpeg", ".png", ".doc", ".docx", ".xls", ".xlsx"], "exempt_document_flags": ["ach_or_auto_draft", "ben_e_keith"], "exempt_document_types": ["ach_notice", "auto_draft_notice", "ben_e_keith_notice"]}', 'ESCALATE', 'ESCALATE_WRONG_FILE_TYPE', 'Attachment file type is not supported for AP invoice routing -> ESCALATE with WRONG-FILE-TYPE label', '2026-05-13', NULL, NULL, '2026-05-13 12:06:44.497094-05') ON CONFLICT (rule_version_id) DO UPDATE SET rule_code = EXCLUDED.rule_code, version = EXCLUDED.version, rule_name = EXCLUDED.rule_name, priority = EXCLUDED.priority, enabled = EXCLUDED.enabled, condition_type = EXCLUDED.condition_type, condition_snapshot = EXCLUDED.condition_snapshot, outcome = EXCLUDED.outcome, destination_code = EXCLUDED.destination_code, reason_template = EXCLUDED.reason_template, effective_start = EXCLUDED.effective_start, effective_end = EXCLUDED.effective_end, management_audit_event_id = EXCLUDED.management_audit_event_id, created_at = EXCLUDED.created_at;
INSERT INTO public.workflow_rule_versions (rule_version_id, rule_code, version, rule_name, priority, enabled, condition_type, condition_snapshot, outcome, destination_code, reason_template, effective_start, effective_end, management_audit_event_id, created_at) VALUES ('7de2a88c-4262-43ce-8cf5-fdf706b0207a', 'hard_past_due_notice', 1, 'Past due invoice notice requires escalation', 145, true, 'document_flag', '{"flag": "past_due"}', 'ESCALATE', 'ESCALATE_PAST_DUE', 'Past due or overdue invoice notice -> ESCALATE with PAST-DUE label', '2026-05-15', NULL, NULL, '2026-05-15 15:46:53.426267-05') ON CONFLICT (rule_version_id) DO UPDATE SET rule_code = EXCLUDED.rule_code, version = EXCLUDED.version, rule_name = EXCLUDED.rule_name, priority = EXCLUDED.priority, enabled = EXCLUDED.enabled, condition_type = EXCLUDED.condition_type, condition_snapshot = EXCLUDED.condition_snapshot, outcome = EXCLUDED.outcome, destination_code = EXCLUDED.destination_code, reason_template = EXCLUDED.reason_template, effective_start = EXCLUDED.effective_start, effective_end = EXCLUDED.effective_end, management_audit_event_id = EXCLUDED.management_audit_event_id, created_at = EXCLUDED.created_at;
INSERT INTO public.workflow_rule_versions (rule_version_id, rule_code, version, rule_name, priority, enabled, condition_type, condition_snapshot, outcome, destination_code, reason_template, effective_start, effective_end, management_audit_event_id, created_at) VALUES ('1fac6ff3-6ed1-468e-9a3b-22df31cf0c53', 'hard_mixed_item_destinations', 2, 'Multiple document items disagree on routing', 148, true, 'aggregation_mixed_destinations', '{"aggregation_reason": "mixed_item_destinations"}', 'ESCALATE', 'ESCALATE_SPLIT_MULTI_PDF', 'Multiple extracted document items resolved to different outcomes or destinations -> ESCALATE with SPLIT-MULTI-PDF label', '2026-05-27', NULL, NULL, '2026-05-27 16:26:08.352929-05') ON CONFLICT (rule_version_id) DO UPDATE SET rule_code = EXCLUDED.rule_code, version = EXCLUDED.version, rule_name = EXCLUDED.rule_name, priority = EXCLUDED.priority, enabled = EXCLUDED.enabled, condition_type = EXCLUDED.condition_type, condition_snapshot = EXCLUDED.condition_snapshot, outcome = EXCLUDED.outcome, destination_code = EXCLUDED.destination_code, reason_template = EXCLUDED.reason_template, effective_start = EXCLUDED.effective_start, effective_end = EXCLUDED.effective_end, management_audit_event_id = EXCLUDED.management_audit_event_id, created_at = EXCLUDED.created_at;
INSERT INTO public.workflow_rule_versions (rule_version_id, rule_code, version, rule_name, priority, enabled, condition_type, condition_snapshot, outcome, destination_code, reason_template, effective_start, effective_end, management_audit_event_id, created_at) VALUES ('afbcb167-c389-46d5-95cb-9de536a89de3', 'hard_vendor_inquiry', 1, 'Vendor question or payment inquiry requires escalation', 140, true, 'document_flag', '{"flag": "vendor_inquiry", "document_types": ["vendor_question", "payment_inquiry", "past_due_notice"]}', 'ESCALATE', 'ESCALATE_VENDOR_QUESTION', 'Vendor inquiry requires research or response -> ESCALATE with VENDOR-QUESTION label', '2026-05-07', NULL, NULL, '2026-05-07 16:45:46.24301-05') ON CONFLICT (rule_version_id) DO UPDATE SET rule_code = EXCLUDED.rule_code, version = EXCLUDED.version, rule_name = EXCLUDED.rule_name, priority = EXCLUDED.priority, enabled = EXCLUDED.enabled, condition_type = EXCLUDED.condition_type, condition_snapshot = EXCLUDED.condition_snapshot, outcome = EXCLUDED.outcome, destination_code = EXCLUDED.destination_code, reason_template = EXCLUDED.reason_template, effective_start = EXCLUDED.effective_start, effective_end = EXCLUDED.effective_end, management_audit_event_id = EXCLUDED.management_audit_event_id, created_at = EXCLUDED.created_at;
INSERT INTO public.workflow_rule_versions (rule_version_id, rule_code, version, rule_name, priority, enabled, condition_type, condition_snapshot, outcome, destination_code, reason_template, effective_start, effective_end, management_audit_event_id, created_at) VALUES ('3cb1533f-c7f1-4355-ab02-17924dd321f8', 'fallback_escalate', 1, 'No deterministic route matched', 900, true, 'fallback', '{"always": true}', 'ESCALATE', 'ESCALATE_GENERAL', 'No deterministic routing rule matched -> ESCALATE', '2026-05-07', NULL, NULL, '2026-05-28 09:36:21.308488-05') ON CONFLICT (rule_version_id) DO UPDATE SET rule_code = EXCLUDED.rule_code, version = EXCLUDED.version, rule_name = EXCLUDED.rule_name, priority = EXCLUDED.priority, enabled = EXCLUDED.enabled, condition_type = EXCLUDED.condition_type, condition_snapshot = EXCLUDED.condition_snapshot, outcome = EXCLUDED.outcome, destination_code = EXCLUDED.destination_code, reason_template = EXCLUDED.reason_template, effective_start = EXCLUDED.effective_start, effective_end = EXCLUDED.effective_end, management_audit_event_id = EXCLUDED.management_audit_event_id, created_at = EXCLUDED.created_at;
INSERT INTO public.workflow_rule_versions (rule_version_id, rule_code, version, rule_name, priority, enabled, condition_type, condition_snapshot, outcome, destination_code, reason_template, effective_start, effective_end, management_audit_event_id, created_at) VALUES ('fca33205-20f7-4c0f-a9a5-93e29497b42b', 'alc_escalation', 1, 'ALC requires escalation', 300, true, 'alc_signal', '{"text_phrases": ["Alliance Landscape", "Alliance Landscaping"], "standalone_terms": ["ALC"], "business_unit_codes": ["ALC"], "text_signal_exempt_property_addresses": ["9800 Hillwood Pkwy"]}', 'ESCALATE', 'ESCALATE_ALC', 'ALC signal requires manual escalation -> ESCALATE with ALC label', '2026-05-21', NULL, NULL, '2026-05-26 08:31:57.597524-05') ON CONFLICT (rule_version_id) DO UPDATE SET rule_code = EXCLUDED.rule_code, version = EXCLUDED.version, rule_name = EXCLUDED.rule_name, priority = EXCLUDED.priority, enabled = EXCLUDED.enabled, condition_type = EXCLUDED.condition_type, condition_snapshot = EXCLUDED.condition_snapshot, outcome = EXCLUDED.outcome, destination_code = EXCLUDED.destination_code, reason_template = EXCLUDED.reason_template, effective_start = EXCLUDED.effective_start, effective_end = EXCLUDED.effective_end, management_audit_event_id = EXCLUDED.management_audit_event_id, created_at = EXCLUDED.created_at;
INSERT INTO public.workflow_rule_versions (rule_version_id, rule_code, version, rule_name, priority, enabled, condition_type, condition_snapshot, outcome, destination_code, reason_template, effective_start, effective_end, management_audit_event_id, created_at) VALUES ('8d8c5849-f9e1-495e-8da6-c3c4f2857bb8', 'duplicate_candidate', 1, 'Duplicate candidate requires escalation', 200, true, 'duplicate_check', '{"duplicate_statuses": ["suspected"]}', 'ESCALATE', 'ESCALATE_DUPLICATE_SUSPECTED', 'Duplicate candidate found in audit history -> ESCALATE with DUPLICATE-SUSPECTED label', '2026-05-07', NULL, NULL, '2026-05-07 16:45:46.24301-05') ON CONFLICT (rule_version_id) DO UPDATE SET rule_code = EXCLUDED.rule_code, version = EXCLUDED.version, rule_name = EXCLUDED.rule_name, priority = EXCLUDED.priority, enabled = EXCLUDED.enabled, condition_type = EXCLUDED.condition_type, condition_snapshot = EXCLUDED.condition_snapshot, outcome = EXCLUDED.outcome, destination_code = EXCLUDED.destination_code, reason_template = EXCLUDED.reason_template, effective_start = EXCLUDED.effective_start, effective_end = EXCLUDED.effective_end, management_audit_event_id = EXCLUDED.management_audit_event_id, created_at = EXCLUDED.created_at;
INSERT INTO public.workflow_rule_versions (rule_version_id, rule_code, version, rule_name, priority, enabled, condition_type, condition_snapshot, outcome, destination_code, reason_template, effective_start, effective_end, management_audit_event_id, created_at) VALUES ('22da905a-7559-4196-9028-696da77a5a37', 'hard_check_request', 1, 'Check request requires escalation', 260, true, 'document_type', '{"document_types": ["check_request"]}', 'ESCALATE', 'ESCALATE_CHECK_REQUEST', 'Check request requires human escalation -> ESCALATE', '2026-05-12', NULL, NULL, '2026-05-27 08:46:26.102553-05') ON CONFLICT (rule_version_id) DO UPDATE SET rule_code = EXCLUDED.rule_code, version = EXCLUDED.version, rule_name = EXCLUDED.rule_name, priority = EXCLUDED.priority, enabled = EXCLUDED.enabled, condition_type = EXCLUDED.condition_type, condition_snapshot = EXCLUDED.condition_snapshot, outcome = EXCLUDED.outcome, destination_code = EXCLUDED.destination_code, reason_template = EXCLUDED.reason_template, effective_start = EXCLUDED.effective_start, effective_end = EXCLUDED.effective_end, management_audit_event_id = EXCLUDED.management_audit_event_id, created_at = EXCLUDED.created_at;
INSERT INTO public.workflow_rule_versions (rule_version_id, rule_code, version, rule_name, priority, enabled, condition_type, condition_snapshot, outcome, destination_code, reason_template, effective_start, effective_end, management_audit_event_id, created_at) VALUES ('3a003be3-de97-48cc-89df-37942d1e79fb', 'bill_to_mf', 1, 'Multifamily bill-to routes to Medius MF', 610, false, 'bill_to_business_unit', '{"business_unit_code": "MF"}', 'AUTO', 'MEDIUS_MF', 'Bill-to indicates Multifamily -> AUTO', '2026-05-07', NULL, NULL, '2026-05-07 16:45:46.24301-05') ON CONFLICT (rule_version_id) DO UPDATE SET rule_code = EXCLUDED.rule_code, version = EXCLUDED.version, rule_name = EXCLUDED.rule_name, priority = EXCLUDED.priority, enabled = EXCLUDED.enabled, condition_type = EXCLUDED.condition_type, condition_snapshot = EXCLUDED.condition_snapshot, outcome = EXCLUDED.outcome, destination_code = EXCLUDED.destination_code, reason_template = EXCLUDED.reason_template, effective_start = EXCLUDED.effective_start, effective_end = EXCLUDED.effective_end, management_audit_event_id = EXCLUDED.management_audit_event_id, created_at = EXCLUDED.created_at;
INSERT INTO public.workflow_rule_versions (rule_version_id, rule_code, version, rule_name, priority, enabled, condition_type, condition_snapshot, outcome, destination_code, reason_template, effective_start, effective_end, management_audit_event_id, created_at) VALUES ('073173cd-a800-418a-9490-57bcc27829fd', 'hard_link_only_invoice', 1, 'Link-only invoice requires escalation', 120, true, 'document_flag', '{"flag": "link_only_invoice"}', 'ESCALATE', 'ESCALATE_LINK_ONLY', 'Invoice is only available by link -> ESCALATE with LINK-ONLY label', '2026-05-07', NULL, NULL, '2026-05-07 16:45:46.24301-05') ON CONFLICT (rule_version_id) DO UPDATE SET rule_code = EXCLUDED.rule_code, version = EXCLUDED.version, rule_name = EXCLUDED.rule_name, priority = EXCLUDED.priority, enabled = EXCLUDED.enabled, condition_type = EXCLUDED.condition_type, condition_snapshot = EXCLUDED.condition_snapshot, outcome = EXCLUDED.outcome, destination_code = EXCLUDED.destination_code, reason_template = EXCLUDED.reason_template, effective_start = EXCLUDED.effective_start, effective_end = EXCLUDED.effective_end, management_audit_event_id = EXCLUDED.management_audit_event_id, created_at = EXCLUDED.created_at;
INSERT INTO public.workflow_rule_versions (rule_version_id, rule_code, version, rule_name, priority, enabled, condition_type, condition_snapshot, outcome, destination_code, reason_template, effective_start, effective_end, management_audit_event_id, created_at) VALUES ('e049e2b8-e604-4cf3-b759-40e8bc840126', 'bill_to_alc', 1, 'ALC bill-to routes to Medius ALC', 600, false, 'bill_to_business_unit', '{"business_unit_code": "ALC"}', 'AUTO', 'MEDIUS_ALC', 'Bill-to indicates ALC -> AUTO', '2026-05-07', NULL, NULL, '2026-05-07 16:45:46.24301-05') ON CONFLICT (rule_version_id) DO UPDATE SET rule_code = EXCLUDED.rule_code, version = EXCLUDED.version, rule_name = EXCLUDED.rule_name, priority = EXCLUDED.priority, enabled = EXCLUDED.enabled, condition_type = EXCLUDED.condition_type, condition_snapshot = EXCLUDED.condition_snapshot, outcome = EXCLUDED.outcome, destination_code = EXCLUDED.destination_code, reason_template = EXCLUDED.reason_template, effective_start = EXCLUDED.effective_start, effective_end = EXCLUDED.effective_end, management_audit_event_id = EXCLUDED.management_audit_event_id, created_at = EXCLUDED.created_at;
INSERT INTO public.workflow_rule_versions (rule_version_id, rule_code, version, rule_name, priority, enabled, condition_type, condition_snapshot, outcome, destination_code, reason_template, effective_start, effective_end, management_audit_event_id, created_at) VALUES ('a4173a44-27a0-49b7-98ba-31e01f3219d4', 'hard_multi_invoice_pdf', 1, 'Multi-invoice PDF requires manual split', 100, true, 'document_flag', '{"flag": "multi_invoice_pdf"}', 'ESCALATE', 'ESCALATE_MULTI_INVOICE_PDF', 'Attachment appears to contain multiple invoices -> ESCALATE with MULTI-INVOICE-PDF label', '2026-05-07', NULL, NULL, '2026-05-07 16:45:46.24301-05') ON CONFLICT (rule_version_id) DO UPDATE SET rule_code = EXCLUDED.rule_code, version = EXCLUDED.version, rule_name = EXCLUDED.rule_name, priority = EXCLUDED.priority, enabled = EXCLUDED.enabled, condition_type = EXCLUDED.condition_type, condition_snapshot = EXCLUDED.condition_snapshot, outcome = EXCLUDED.outcome, destination_code = EXCLUDED.destination_code, reason_template = EXCLUDED.reason_template, effective_start = EXCLUDED.effective_start, effective_end = EXCLUDED.effective_end, management_audit_event_id = EXCLUDED.management_audit_event_id, created_at = EXCLUDED.created_at;
INSERT INTO public.workflow_rule_versions (rule_version_id, rule_code, version, rule_name, priority, enabled, condition_type, condition_snapshot, outcome, destination_code, reason_template, effective_start, effective_end, management_audit_event_id, created_at) VALUES ('aecdd814-4b3a-47bf-838e-bfe291b9a87e', 'hard_unmatched_building', 1, 'Unmatched building requires escalation', 750, true, 'property_unmatched', '{"invoice_only": true, "document_types": ["invoice", "unknown"]}', 'ESCALATE', 'ESCALATE_UNMATCHED_BUILDING', 'Property signal present but building is unmatched in routing table -> ESCALATE with UNMATCHED-BUILDING label', '2026-05-13', NULL, NULL, '2026-05-13 12:06:44.497094-05') ON CONFLICT (rule_version_id) DO UPDATE SET rule_code = EXCLUDED.rule_code, version = EXCLUDED.version, rule_name = EXCLUDED.rule_name, priority = EXCLUDED.priority, enabled = EXCLUDED.enabled, condition_type = EXCLUDED.condition_type, condition_snapshot = EXCLUDED.condition_snapshot, outcome = EXCLUDED.outcome, destination_code = EXCLUDED.destination_code, reason_template = EXCLUDED.reason_template, effective_start = EXCLUDED.effective_start, effective_end = EXCLUDED.effective_end, management_audit_event_id = EXCLUDED.management_audit_event_id, created_at = EXCLUDED.created_at;
INSERT INTO public.workflow_rule_versions (rule_version_id, rule_code, version, rule_name, priority, enabled, condition_type, condition_snapshot, outcome, destination_code, reason_template, effective_start, effective_end, management_audit_event_id, created_at) VALUES ('8826df33-1577-4c1c-ace8-3a27b80e5881', 'informational_property_notice', 1, 'Informational property notice routes to property destination', 350, true, 'informational_property_notice', '{"blocked_flags": ["link_only_invoice", "vendor_inquiry", "past_due", "contract_or_pay_application", "conflicting_signals", "low_text_quality"], "document_types": ["unknown"]}', 'AUTO', NULL, 'Informational property notice matched configured property destination -> AUTO', '2026-05-15', NULL, NULL, '2026-05-15 15:46:53.426267-05') ON CONFLICT (rule_version_id) DO UPDATE SET rule_code = EXCLUDED.rule_code, version = EXCLUDED.version, rule_name = EXCLUDED.rule_name, priority = EXCLUDED.priority, enabled = EXCLUDED.enabled, condition_type = EXCLUDED.condition_type, condition_snapshot = EXCLUDED.condition_snapshot, outcome = EXCLUDED.outcome, destination_code = EXCLUDED.destination_code, reason_template = EXCLUDED.reason_template, effective_start = EXCLUDED.effective_start, effective_end = EXCLUDED.effective_end, management_audit_event_id = EXCLUDED.management_audit_event_id, created_at = EXCLUDED.created_at;
INSERT INTO public.workflow_rule_versions (rule_version_id, rule_code, version, rule_name, priority, enabled, condition_type, condition_snapshot, outcome, destination_code, reason_template, effective_start, effective_end, management_audit_event_id, created_at) VALUES ('c10c32da-0f66-4b9c-b8e5-e300abce90c2', 'asset_type_multifamily', 2, 'Multifamily asset requires escalation', 375, true, 'property_asset_type', '{"asset_type": "Multifamily", "document_types": ["invoice"]}', 'ESCALATE', 'ESCALATE_MULTIFAMILY', 'Matched asset type is Multifamily -> ESCALATE with MULTIFAMILY label', '2026-05-27', NULL, NULL, '2026-05-27 16:26:08.352929-05') ON CONFLICT (rule_version_id) DO UPDATE SET rule_code = EXCLUDED.rule_code, version = EXCLUDED.version, rule_name = EXCLUDED.rule_name, priority = EXCLUDED.priority, enabled = EXCLUDED.enabled, condition_type = EXCLUDED.condition_type, condition_snapshot = EXCLUDED.condition_snapshot, outcome = EXCLUDED.outcome, destination_code = EXCLUDED.destination_code, reason_template = EXCLUDED.reason_template, effective_start = EXCLUDED.effective_start, effective_end = EXCLUDED.effective_end, management_audit_event_id = EXCLUDED.management_audit_event_id, created_at = EXCLUDED.created_at;
INSERT INTO public.workflow_rule_versions (rule_version_id, rule_code, version, rule_name, priority, enabled, condition_type, condition_snapshot, outcome, destination_code, reason_template, effective_start, effective_end, management_audit_event_id, created_at) VALUES ('1b3e0fe3-4f60-439e-befc-665edd3e6ed4', 'hard_pdf_text_low_quality', 1, 'Invoice PDF text quality is low', 118, true, 'pre_decision_fact', '{"expected": true, "fact_key": "pdf_text_low_quality"}', 'ESCALATE', 'ESCALATE_GENERAL', 'Deterministic PDF text quality is too low for safe routing -> ESCALATE', '2026-05-13', NULL, NULL, '2026-05-28 09:36:21.308488-05') ON CONFLICT (rule_version_id) DO UPDATE SET rule_code = EXCLUDED.rule_code, version = EXCLUDED.version, rule_name = EXCLUDED.rule_name, priority = EXCLUDED.priority, enabled = EXCLUDED.enabled, condition_type = EXCLUDED.condition_type, condition_snapshot = EXCLUDED.condition_snapshot, outcome = EXCLUDED.outcome, destination_code = EXCLUDED.destination_code, reason_template = EXCLUDED.reason_template, effective_start = EXCLUDED.effective_start, effective_end = EXCLUDED.effective_end, management_audit_event_id = EXCLUDED.management_audit_event_id, created_at = EXCLUDED.created_at;
INSERT INTO public.workflow_rule_versions (rule_version_id, rule_code, version, rule_name, priority, enabled, condition_type, condition_snapshot, outcome, destination_code, reason_template, effective_start, effective_end, management_audit_event_id, created_at) VALUES ('cb79b090-fdce-494e-8008-e6bf32f55265', 'hard_no_action_email_pattern', 1, 'Automated non-AP notification requires no action', 112, true, 'email_pattern_match', '{"pattern_source": "no_action_email_patterns"}', 'DISCARD', 'NO_ACTION', 'Matched configured non-AP automated email pattern -> DISCARD', '2026-05-13', NULL, NULL, '2026-05-13 10:56:35.19164-05') ON CONFLICT (rule_version_id) DO UPDATE SET rule_code = EXCLUDED.rule_code, version = EXCLUDED.version, rule_name = EXCLUDED.rule_name, priority = EXCLUDED.priority, enabled = EXCLUDED.enabled, condition_type = EXCLUDED.condition_type, condition_snapshot = EXCLUDED.condition_snapshot, outcome = EXCLUDED.outcome, destination_code = EXCLUDED.destination_code, reason_template = EXCLUDED.reason_template, effective_start = EXCLUDED.effective_start, effective_end = EXCLUDED.effective_end, management_audit_event_id = EXCLUDED.management_audit_event_id, created_at = EXCLUDED.created_at;
INSERT INTO public.workflow_rule_versions (rule_version_id, rule_code, version, rule_name, priority, enabled, condition_type, condition_snapshot, outcome, destination_code, reason_template, effective_start, effective_end, management_audit_event_id, created_at) VALUES ('30d7cb2e-4f64-407b-905b-f25a27d016fe', 'hard_invoice_plus_lien_waiver', 2, 'Superseded invoice plus lien waiver merge rule', 111, false, 'document_flag', '{"flag": "invoice_plus_lien_waiver"}', 'ESCALATE', 'ESCALATE_MULTI_PDF_MERGE', 'Superseded by hard_separate_lien_waiver', '2026-05-07', NULL, NULL, '2026-05-27 13:41:35.034385-05') ON CONFLICT (rule_version_id) DO UPDATE SET rule_code = EXCLUDED.rule_code, version = EXCLUDED.version, rule_name = EXCLUDED.rule_name, priority = EXCLUDED.priority, enabled = EXCLUDED.enabled, condition_type = EXCLUDED.condition_type, condition_snapshot = EXCLUDED.condition_snapshot, outcome = EXCLUDED.outcome, destination_code = EXCLUDED.destination_code, reason_template = EXCLUDED.reason_template, effective_start = EXCLUDED.effective_start, effective_end = EXCLUDED.effective_end, management_audit_event_id = EXCLUDED.management_audit_event_id, created_at = EXCLUDED.created_at;
INSERT INTO public.workflow_rule_versions (rule_version_id, rule_code, version, rule_name, priority, enabled, condition_type, condition_snapshot, outcome, destination_code, reason_template, effective_start, effective_end, management_audit_event_id, created_at) VALUES ('781ef9e9-8161-432f-a85a-c708bd7d1d00', 'hard_pdf_required_unreadable', 1, 'Required invoice PDF is unreadable', 117, true, 'pre_decision_fact', '{"expected": true, "fact_key": "pdf_required_but_unreadable"}', 'ESCALATE', 'ESCALATE_GENERAL', 'Required invoice PDF could not be deterministically read -> ESCALATE', '2026-05-13', NULL, NULL, '2026-05-28 09:36:21.308488-05') ON CONFLICT (rule_version_id) DO UPDATE SET rule_code = EXCLUDED.rule_code, version = EXCLUDED.version, rule_name = EXCLUDED.rule_name, priority = EXCLUDED.priority, enabled = EXCLUDED.enabled, condition_type = EXCLUDED.condition_type, condition_snapshot = EXCLUDED.condition_snapshot, outcome = EXCLUDED.outcome, destination_code = EXCLUDED.destination_code, reason_template = EXCLUDED.reason_template, effective_start = EXCLUDED.effective_start, effective_end = EXCLUDED.effective_end, management_audit_event_id = EXCLUDED.management_audit_event_id, created_at = EXCLUDED.created_at;
INSERT INTO public.workflow_rule_versions (rule_version_id, rule_code, version, rule_name, priority, enabled, condition_type, condition_snapshot, outcome, destination_code, reason_template, effective_start, effective_end, management_audit_event_id, created_at) VALUES ('a3d8857d-189d-4ac2-9220-ba60eee101ff', 'hard_wrong_destination', 1, 'Wrong destination reply requires escalation', 142, true, 'document_flag', '{"flag": "wrong_destination"}', 'ESCALATE', 'ESCALATE_WRONG_DESTINATION', 'Recipient reports wrong destination -> ESCALATE with WRONG-DESTINATION label', '2026-05-20', NULL, NULL, '2026-05-20 10:01:01.775194-05') ON CONFLICT (rule_version_id) DO UPDATE SET rule_code = EXCLUDED.rule_code, version = EXCLUDED.version, rule_name = EXCLUDED.rule_name, priority = EXCLUDED.priority, enabled = EXCLUDED.enabled, condition_type = EXCLUDED.condition_type, condition_snapshot = EXCLUDED.condition_snapshot, outcome = EXCLUDED.outcome, destination_code = EXCLUDED.destination_code, reason_template = EXCLUDED.reason_template, effective_start = EXCLUDED.effective_start, effective_end = EXCLUDED.effective_end, management_audit_event_id = EXCLUDED.management_audit_event_id, created_at = EXCLUDED.created_at;
INSERT INTO public.workflow_rule_versions (rule_version_id, rule_code, version, rule_name, priority, enabled, condition_type, condition_snapshot, outcome, destination_code, reason_template, effective_start, effective_end, management_audit_event_id, created_at) VALUES ('2c696877-6af4-4711-9374-5f7891f41bb5', 'statement_file', 1, 'Statement or account summary is filed', 500, true, 'document_type', '{"document_types": ["statement", "account_summary"]}', 'FILE', 'FOLDER_STATEMENTS', 'Statement or account summary -> FILE', '2026-05-07', NULL, NULL, '2026-05-07 16:45:46.24301-05') ON CONFLICT (rule_version_id) DO UPDATE SET rule_code = EXCLUDED.rule_code, version = EXCLUDED.version, rule_name = EXCLUDED.rule_name, priority = EXCLUDED.priority, enabled = EXCLUDED.enabled, condition_type = EXCLUDED.condition_type, condition_snapshot = EXCLUDED.condition_snapshot, outcome = EXCLUDED.outcome, destination_code = EXCLUDED.destination_code, reason_template = EXCLUDED.reason_template, effective_start = EXCLUDED.effective_start, effective_end = EXCLUDED.effective_end, management_audit_event_id = EXCLUDED.management_audit_event_id, created_at = EXCLUDED.created_at;
INSERT INTO public.workflow_rule_versions (rule_version_id, rule_code, version, rule_name, priority, enabled, condition_type, condition_snapshot, outcome, destination_code, reason_template, effective_start, effective_end, management_audit_event_id, created_at) VALUES ('3ab319f2-10cf-45e8-bc2e-44b9d8e6ce73', 'property_routing_match', 1, 'Property routing table match', 700, true, 'property_routing_match', '{"requires_property_route": true}', 'AUTO', NULL, 'Property matched configured routing destination -> AUTO', '2026-05-07', NULL, NULL, '2026-05-07 16:45:46.24301-05') ON CONFLICT (rule_version_id) DO UPDATE SET rule_code = EXCLUDED.rule_code, version = EXCLUDED.version, rule_name = EXCLUDED.rule_name, priority = EXCLUDED.priority, enabled = EXCLUDED.enabled, condition_type = EXCLUDED.condition_type, condition_snapshot = EXCLUDED.condition_snapshot, outcome = EXCLUDED.outcome, destination_code = EXCLUDED.destination_code, reason_template = EXCLUDED.reason_template, effective_start = EXCLUDED.effective_start, effective_end = EXCLUDED.effective_end, management_audit_event_id = EXCLUDED.management_audit_event_id, created_at = EXCLUDED.created_at;
INSERT INTO public.workflow_rule_versions (rule_version_id, rule_code, version, rule_name, priority, enabled, condition_type, condition_snapshot, outcome, destination_code, reason_template, effective_start, effective_end, management_audit_event_id, created_at) VALUES ('fdeae11f-5aaa-4a78-ba73-5843c0c93804', 'hard_separate_lien_waiver', 1, 'Invoice with separate related backup requires escalation', 110, true, 'document_flag', '{"flag": "separate_lien_waiver"}', 'ESCALATE', 'ESCALATE_LIEN_WAIVER', 'Invoice has separate related backup documentation -> ESCALATE with LIEN-WAIVER label', '2026-05-27', NULL, NULL, '2026-05-27 13:41:35.034385-05') ON CONFLICT (rule_version_id) DO UPDATE SET rule_code = EXCLUDED.rule_code, version = EXCLUDED.version, rule_name = EXCLUDED.rule_name, priority = EXCLUDED.priority, enabled = EXCLUDED.enabled, condition_type = EXCLUDED.condition_type, condition_snapshot = EXCLUDED.condition_snapshot, outcome = EXCLUDED.outcome, destination_code = EXCLUDED.destination_code, reason_template = EXCLUDED.reason_template, effective_start = EXCLUDED.effective_start, effective_end = EXCLUDED.effective_end, management_audit_event_id = EXCLUDED.management_audit_event_id, created_at = EXCLUDED.created_at;
INSERT INTO public.workflow_rule_versions (rule_version_id, rule_code, version, rule_name, priority, enabled, condition_type, condition_snapshot, outcome, destination_code, reason_template, effective_start, effective_end, management_audit_event_id, created_at) VALUES ('713c8019-cd83-49ef-9d5d-d693bd5cd188', 'confidence_below_threshold', 1, 'Low confidence requires escalation', 800, true, 'confidence_threshold', '{"runtime_config_key": "confidence_threshold"}', 'ESCALATE', 'ESCALATE_GENERAL', 'Confidence below configured threshold -> ESCALATE', '2026-05-07', NULL, NULL, '2026-05-28 09:36:21.308488-05') ON CONFLICT (rule_version_id) DO UPDATE SET rule_code = EXCLUDED.rule_code, version = EXCLUDED.version, rule_name = EXCLUDED.rule_name, priority = EXCLUDED.priority, enabled = EXCLUDED.enabled, condition_type = EXCLUDED.condition_type, condition_snapshot = EXCLUDED.condition_snapshot, outcome = EXCLUDED.outcome, destination_code = EXCLUDED.destination_code, reason_template = EXCLUDED.reason_template, effective_start = EXCLUDED.effective_start, effective_end = EXCLUDED.effective_end, management_audit_event_id = EXCLUDED.management_audit_event_id, created_at = EXCLUDED.created_at;
INSERT INTO public.workflow_rule_versions (rule_version_id, rule_code, version, rule_name, priority, enabled, condition_type, condition_snapshot, outcome, destination_code, reason_template, effective_start, effective_end, management_audit_event_id, created_at) VALUES ('1a57e213-0245-4c29-a95f-78aa6f69c4e1', 'hard_contract_or_pay_app', 1, 'Contract or pay application requires escalation', 130, true, 'document_type', '{"document_types": ["contract", "pay_application"]}', 'ESCALATE', 'ESCALATE_CONTRACT_PAY_APP', 'High-risk document type requires human escalation -> ESCALATE with CONTRACT-PAY-APP label', '2026-05-07', NULL, NULL, '2026-05-07 16:45:46.24301-05') ON CONFLICT (rule_version_id) DO UPDATE SET rule_code = EXCLUDED.rule_code, version = EXCLUDED.version, rule_name = EXCLUDED.rule_name, priority = EXCLUDED.priority, enabled = EXCLUDED.enabled, condition_type = EXCLUDED.condition_type, condition_snapshot = EXCLUDED.condition_snapshot, outcome = EXCLUDED.outcome, destination_code = EXCLUDED.destination_code, reason_template = EXCLUDED.reason_template, effective_start = EXCLUDED.effective_start, effective_end = EXCLUDED.effective_end, management_audit_event_id = EXCLUDED.management_audit_event_id, created_at = EXCLUDED.created_at;
INSERT INTO public.workflow_rule_versions (rule_version_id, rule_code, version, rule_name, priority, enabled, condition_type, condition_snapshot, outcome, destination_code, reason_template, effective_start, effective_end, management_audit_event_id, created_at) VALUES ('79c7f230-a8d4-4f2d-b280-2f89c5f6b2b0', 'ben_e_keith_notice_file', 1, 'Ben E Keith notice is filed', 113, true, 'document_flag', '{"flag": "ben_e_keith"}', 'FILE', 'FOLDER_BEN_E_KEITH', 'Ben E Keith notice -> FILE', '2026-05-07', NULL, NULL, '2026-05-07 16:45:46.24301-05') ON CONFLICT (rule_version_id) DO UPDATE SET rule_code = EXCLUDED.rule_code, version = EXCLUDED.version, rule_name = EXCLUDED.rule_name, priority = EXCLUDED.priority, enabled = EXCLUDED.enabled, condition_type = EXCLUDED.condition_type, condition_snapshot = EXCLUDED.condition_snapshot, outcome = EXCLUDED.outcome, destination_code = EXCLUDED.destination_code, reason_template = EXCLUDED.reason_template, effective_start = EXCLUDED.effective_start, effective_end = EXCLUDED.effective_end, management_audit_event_id = EXCLUDED.management_audit_event_id, created_at = EXCLUDED.created_at;
INSERT INTO public.workflow_rule_versions (rule_version_id, rule_code, version, rule_name, priority, enabled, condition_type, condition_snapshot, outcome, destination_code, reason_template, effective_start, effective_end, management_audit_event_id, created_at) VALUES ('e9621d9e-61c8-4bfc-8acf-bb27b9c4981d', 'amount_over_threshold', 2, 'Invoice amount over configured threshold without qualifying project number exemption', 400, true, 'amount_threshold', '{"exempt_destination": "MEDIUS_PROPERTIES", "runtime_config_key": "amount_review_threshold", "exempt_requires_project_number": true}', 'ESCALATE', 'ESCALATE_OVER_10000', 'Invoice amount exceeds configured threshold and normal destination is not Medius Properties with project number -> ESCALATE with OVER-10000 label', '2026-05-27', NULL, NULL, '2026-05-27 16:42:19.644965-05') ON CONFLICT (rule_version_id) DO UPDATE SET rule_code = EXCLUDED.rule_code, version = EXCLUDED.version, rule_name = EXCLUDED.rule_name, priority = EXCLUDED.priority, enabled = EXCLUDED.enabled, condition_type = EXCLUDED.condition_type, condition_snapshot = EXCLUDED.condition_snapshot, outcome = EXCLUDED.outcome, destination_code = EXCLUDED.destination_code, reason_template = EXCLUDED.reason_template, effective_start = EXCLUDED.effective_start, effective_end = EXCLUDED.effective_end, management_audit_event_id = EXCLUDED.management_audit_event_id, created_at = EXCLUDED.created_at;


--
-- Name: asset_custom_id_seq; Type: SEQUENCE SET; Schema: public; Owner: -
--

SELECT pg_catalog.setval('public.asset_custom_id_seq', 1, false);


--
-- Name: asset_id_seq; Type: SEQUENCE SET; Schema: public; Owner: -
--

SELECT pg_catalog.setval('public.asset_id_seq', 287, true);


--
-- PostgreSQL database dump complete
--

\unrestrict lNa9CrVFzu7heNpyLlFe0YuxmRS1nPqFvUND2ube1sWXrzI2sMwzMigksfRYmOz

